subject,frame,acc_x,acc_y,acc_z,activity
S0,0,0.27646735365182884,-1.0983735486589004,-0.8369722968044483,0
S0,1,0.6572945148009267,-0.4414502571143657,-0.12172800796282668,0
S0,2,0.2643496609467097,-0.3801752551932417,-3.130690167131043,0
S0,3,-1.0425257852834888,1.5900078655911365,-2.1319596308210182,0
S0,4,0.7242846933384942,-1.2793472506063046,1.0605627442472516,0
S0,5,0.35709965789120907,0.4501042041650096,0.4128390646223534,0
S0,6,-0.42956258828822813,0.7536986220711706,0.1176953917107893,0
S0,7,0.4648944833570825,0.3021804512318936,-1.2644242925092035,0
S0,8,0.2916579169488606,0.9454463554827115,0.6424140586465568,0
S0,9,0.2353059973244208,-0.802190149701138,2.0710863906407897,0
S0,10,0.022737793052637432,-1.8242068818497512,-1.5327218831629577,0
S0,11,0.4373703892899576,0.6134543111762111,-0.04579575434124986,0
S0,12,-0.5891632696013336,-0.956662531736872,-0.5858204740363748,0
S0,13,-0.13032795839444222,-0.26111990123674794,0.36913420174739925,0
S0,14,-0.38569545014398265,-0.9430767979398221,-0.04731025619380296,0
S0,15,0.47907697010770206,0.8418734855596247,-0.2407439461816198,0
S0,16,0.031777685985327195,0.692120187893937,-1.122978416108786,0
S0,17,-0.2339654007720709,-0.5760509295255954,-0.0835023050245339,0
S0,18,-0.6255267698854737,0.7227934756877281,-0.8019493913453872,0
S0,19,-0.20575379249509657,0.09702180745577309,-0.24047589492171814,0
S0,20,0.006513744414674807,-0.11151106444779763,-0.14101653281067508,0
S0,21,-0.22048232423949635,0.04593332963389257,0.7203546235817132,0
S0,22,1.0352510515185658,-0.16219948787996485,-0.763580797871069,0
S0,23,0.8053794522446355,0.4920042110487747,-0.45290424412484476,0
S0,24,-2.168929983172775,0.24827805635446587,1.2215602821253229,0
S0,25,-1.5112105967741383,-0.27957371714705775,-0.32679263474362896,0
S0,26,-0.13981767364412956,0.805004596652446,-0.37915706460260845,0
S0,27,-0.3377523292610829,-0.48918049181106077,0.9723241768891938,0
S0,28,0.17091439799888888,0.22954691445396183,0.26223142188993437,0
S0,29,0.17385754481805088,0.3377242970018519,0.044691148657123356,0
S0,30,1.6942710040408386,1.1830456478692244,0.19943458220099758,0
S0,31,-0.8896166101538251,-0.40435309067917447,-1.5516243670473011,0
S0,32,-0.3020840057015985,1.3944659570483253,0.4898443787887153,0
S0,33,1.6342172859938644,0.14093196129793972,1.528557560644325,0
S0,34,0.5173623969614776,-0.1551815285220585,0.6358997332899388,0
S0,35,0.5304506979010094,-0.5379782007508886,-1.9274124729903663,0
S0,36,-0.41120509734997035,0.469034735243626,0.28231235719240066,0
S0,37,-1.3184601366845223,0.03914819555390524,-1.143269902110735,0
S0,38,0.1339717953781929,-0.8828874127422286,-0.3280075504347276,0
S0,39,0.08721127025723803,-0.9023097410069092,0.100691664109246,0
S0,40,-0.9818816433956594,-0.4444153662404271,-1.4844366272634892,0
S0,41,-0.5465813294244498,-0.5408048030969344,1.5505265282016083,0
S0,42,-0.057634943781781946,0.8722419133817678,-0.13399399036438556,0
S0,43,-0.755801298448622,1.1004306383761429,0.9004876679286835,0
S0,44,-0.07861597428177382,0.6948476990940068,0.7121758303690148,0
S0,45,0.07638642197556347,0.2862951120248507,1.5640280055710132,0
S0,46,0.02846898964438857,-0.34259056627568635,1.3821220491361397,0
S0,47,-0.40503332665145186,0.043586568736196526,-1.8157922283418235,0
S0,48,0.47499845742865826,0.7077656048228367,0.005773083557397345,0
S0,49,0.7129335634258628,1.7047777869786502,-2.606886619970907,0
S0,50,0.256678643653251,0.7303193642414348,-0.5805323779778507,0
S0,51,-0.6545841819122457,-0.22432971543577918,0.8141072233125911,0
S0,52,0.5853218270283527,0.03042006061671021,1.0539559833607148,0
S0,53,-0.4011520147736419,-0.3860359209214662,1.5045911498573452,0
S0,54,0.7033284946303883,-0.6259188607595332,-0.49413317957962954,0
S0,55,-0.8574299335019554,-0.1473936017743715,0.34315689734144084,0
S0,56,0.731573762503025,0.1564917537640927,0.07640835699834687,0
S0,57,-0.016050763692384337,1.4687212693420513,1.480424174131145,0
S0,58,-0.9989991122675325,0.04162597596271474,1.8663599888245943,0
S0,59,-0.2511195775734782,1.0858864599707487,-0.46983995841548337,0
S0,60,0.04328182301723511,1.41399126489979,4.50196196071963,0
S0,61,0.218233071331563,0.06304629620776475,-0.04324888101526233,0
S0,62,-0.7857504999527822,1.2862391100929909,-0.47866611995317504,0
S0,63,-0.8858984377321545,0.5719483236551066,0.6814080440966616,0
S0,64,0.15966762627766468,-0.3340282359676927,0.8726308620694039,0
S0,65,-0.37339969350384167,0.21214401987910247,0.6187371057145873,0
S0,66,0.1884044893841802,0.018302254435944538,-0.8156119602130308,0
S0,67,0.6076156179827034,-0.18587122395596087,1.732561165820886,0
S0,68,-1.319029893080759,-0.1590249863959469,0.030988636673775636,0
S0,69,0.20351049321409384,0.11536744277839127,1.8125642000184716,0
S0,70,0.979717574028586,0.3473449123857734,1.639874233816953,0
S0,71,-0.2380214754963786,-0.707905500126983,-1.5586262752006308,0
S0,72,-0.648651666590056,-0.007510129596955162,-1.205175752317013,0
S0,73,0.6017950617436743,-1.2178840175560044,-1.2290797653725056,0
S0,74,0.20275721296651317,0.20863639942416645,0.2724930727096111,0
S0,75,0.7167064566220483,0.49887958062510757,0.03853694700095802,0
S0,76,-0.2761725680410238,0.13116387068784544,0.29709028744078747,0
S0,77,-1.185454618977769,0.22868252153499447,-0.9992529712593964,0
S0,78,-0.0880086117690008,0.47195448284773267,0.4885768390984867,0
S0,79,-0.35666252240898577,-0.5320806753735998,1.6621255317219108,0
S0,80,0.6202590576380593,-0.19123908745967122,-1.6243136575748878,0
S0,81,0.15490627870172305,0.40873763505262767,-0.25655429237707955,0
S0,82,-1.304679385948081,0.8015085877833145,0.27720690540391096,0
S0,83,-0.9561304640825599,0.3159371210762021,-0.17646069429642652,0
S0,84,0.7070312292698042,2.0422875378841554,-0.25695293371067396,0
S0,85,0.5438120139342772,-0.07308845774789723,2.1027167814543253,0
S0,86,-0.512194692726791,0.7997283434838769,1.5204810057417653,0
S0,87,-0.0008390372538245449,1.0133821426000664,1.0000739319913825,0
S0,88,0.35645884302094893,-0.10701587707342226,-0.9326394760697513,0
S0,89,0.37472346867782236,-0.656410305762194,2.670728063966224,0
S0,90,0.7009937568914801,-0.9460823420217533,0.415083195266864,0
S0,91,0.2051885017772496,0.12982159986333683,-0.7115711314087934,0
S0,92,-0.07586267117479854,0.8882335636310632,-0.4228527377626032,0
S0,93,-0.20707845183027646,0.2173347190843341,-0.6051943429892417,0
S0,94,0.844594240426601,0.138284860295803,2.527843972753599,0
S0,95,-1.80068342006283,-0.30337110641016474,0.22942437081209127,0
S0,96,-0.11092426007306987,0.4488237862348565,0.05918361953129468,0
S0,97,0.026400083187248086,-1.7086648411549779,-2.5999345911818956,0
S0,98,-1.1402791686961502,0.18589860109977352,0.8685723027327173,0
S0,99,0.2662508905104373,0.022501047642368283,-1.2857951485022288,0
S0,100,-0.5210248099547152,-1.0962721972493927,-1.3715479604956753,walk
S0,101,0.6899558370525974,1.7404783393150893,0.7194692375568109,walk
S0,102,-0.10047366722746176,-1.1099305852436696,-1.051690220623763,walk
S0,103,0.5353225926315622,-0.8620163974781283,0.987401940607105,walk
S0,104,0.9750748841369786,-0.9606904860422603,1.330671705538195,walk
S0,105,0.3063436661707779,0.8882942414069501,-2.162873904589051,walk
S0,106,-0.7005769147382764,-0.7104678889273526,-0.17893204184195716,walk
S0,107,-1.211454905363711,0.5349251303713703,-1.9041815626933902,walk
S0,108,1.4027072940130982,0.47000812201700104,-0.08992077937770862,walk
S0,109,-0.08903375455001555,0.2077363288385123,1.079037574207471,walk
S0,110,-0.5508519581074574,-1.0460631253255286,-1.6521928390862692,walk
S0,111,0.11540567044865997,-0.48968510239025637,2.146991772886691,walk
S0,112,-0.1531290643861194,1.338491976027261,-0.38956936665523556,walk
S0,113,0.6817138113701502,-1.0326035195060947,-1.4370813600475716,walk
S0,114,0.02714254594968023,-0.6653239682947507,-0.1671808223770244,walk
S0,115,0.010999666894735598,-0.12979721822430304,0.9321296732698839,walk
S0,116,-0.5716637768263713,0.6471920576298977,-1.6715199552335565,walk
S0,117,0.37565447899799476,0.2013113524838952,-0.017119153377952917,walk
S0,118,-0.827093377883986,0.5936353274362707,-1.667774995527335,walk
S0,119,0.5327115518111737,-0.8538353863775958,1.4250554058294012,walk
S0,120,1.2191500103921056,0.7558212751328095,0.1654474713991724,walk
S0,121,-1.2197488304793216,0.4552230532630578,-0.5312218251760766,walk
S0,122,-1.9729833850810543,-1.275651644098907,1.220983769257289,walk
S0,123,0.4935030041234556,1.2319329663258165,-1.5679335115173956,walk
S0,124,2.038318252386501,1.833918288140206,-0.49402415232689667,walk
S0,125,-0.8007398790975149,-0.6148618857173647,2.193022280409726,walk
S0,126,-1.0005566070415906,0.04452225329336265,-0.17167965655688205,walk
S0,127,0.47117514702437896,1.1179380664860359,1.6050731170288965,walk
S0,128,-0.6725772720466463,-1.1849921835417616,0.21088314038575992,walk
S0,129,-0.40482038714938917,-1.5918882552558002,-0.8635499540216793,walk
S0,130,-0.2784939733470223,-1.037555297759938,-0.3194656453368922,walk
S0,131,0.4256016690334389,-0.4536534290848536,0.06832084987967128,walk
S0,132,-0.3242418891144949,-0.46275376958791015,-0.5160164587714845,walk
S0,133,0.22230627206412815,0.4858777390740768,-1.0136420757122875,walk
S0,134,-0.1412266071148603,0.21482909757044766,-0.96287001371658,walk
S0,135,-0.6757368829212826,-0.9968618117352508,-1.8053615241164354,walk
S0,136,-0.25586100619457686,0.4539039760710828,0.10692392392662438,walk
S0,137,-0.7603197321343349,1.4992650733449635,0.44649701388580887,walk
S0,138,0.005211988695799075,0.9576434232562265,0.8727598824584704,walk
S0,139,-0.8990929820525093,0.792885958146834,-2.1931034948771195,walk
S0,140,-0.8743154954361945,0.016142342817095885,0.9406412658353016,walk
S0,141,1.1655694522442044,0.786905115715641,-0.046927287310207004,walk
S0,142,-0.04254737624427313,-0.772906255975661,-1.740739142240694,walk
S0,143,-0.04312162037763437,0.6008117096024419,0.09100213493772717,walk
S0,144,0.4092291359340952,-0.06979873558491727,0.9511137733956953,walk
S0,145,-0.336685602039097,0.9047245583035602,0.6005048774190064,walk
S0,146,-0.18282829398252648,0.3728084410062934,0.8439926851588156,walk
S0,147,0.3401189882655271,-0.8719038285698819,1.1080013221278557,walk
S0,148,0.22593267379552123,0.10239436277880819,1.0487487058319385,walk
S0,149,-0.9274373815459438,0.9745771758494288,-0.06894005861889677,walk
S0,150,0.6666740773357295,-0.9033871080534395,-2.5250767301934576,walk
S0,151,-0.4723479546312344,-0.4473119025477327,-0.9374778869077757,walk
S0,152,-0.8448631602513488,-0.6149384067101935,0.4015153660583139,walk
S0,153,-0.7203800559992414,-1.1965167523566087,-0.5890473856493434,walk
S0,154,-0.31243627548425834,0.769014620215757,0.7972586499707278,walk
S0,155,1.301840203698454,1.0487978423888216,0.9321817259801071,walk
S0,156,-0.9404287239366245,0.6400345656456211,0.032826733594989214,walk
S0,157,0.12806071402747263,0.19405625234982085,2.2310245228417367,walk
S0,158,-1.710259486472462,-0.041625107451565994,-1.1946395298617711,walk
S0,159,-0.0012535465161575248,0.1915042404197244,1.0932699991125907,walk
S0,160,0.7196531339808057,-0.5852447336728631,-0.591103204143917,walk
S0,161,-0.18933065764916412,0.7150764803613376,-0.9605595769333403,walk
S0,162,-0.5034839391066736,0.8363938592307083,0.682578323910018,walk
S0,163,0.18520885124683015,0.7460348272031255,-0.7627365232223624,walk
S0,164,0.5601214009205203,-0.42475857417503504,1.0071467780593384,walk
S0,165,0.5309260568139254,0.06272347355744211,-1.4235524246618676,walk
S0,166,1.5779790831438334,-0.13262465518348374,0.018700720867077476,walk
S0,167,0.16733397786902143,1.4308598303738689,-1.0355159067642141,walk
S0,168,-0.4739280798023461,0.14375696153804893,-0.3053736715394574,walk
S0,169,-0.1007833519893142,-1.5056567151443172,-0.46969360998000576,walk
S0,170,-0.05799883649584964,0.3188045206648587,-1.3775632573240197,walk
S0,171,0.08698990678249495,1.505812999256789,0.7635355995621566,walk
S0,172,-0.024022250583547913,0.5481405729780534,-1.517092249440968,walk
S0,173,0.13917275111696273,0.703583768036969,-1.198907480347111,walk
S0,174,-1.3366800484920902,0.02884901347912266,1.0473014023947067,walk
S0,175,0.6637031648320343,-1.5771115889481466,1.1456884212093592,walk
S0,176,-0.45979141513682587,-1.4482062032423488,0.779334330408935,walk
S0,177,-0.9385269571576198,-0.9967582197887075,0.38644870917079016,walk
S0,178,0.5102009277131486,-0.10146562963178157,2.7123270403287107,walk
S0,179,1.0538608059088657,0.24799879719305037,-1.4728864949541773,walk
S0,180,0.39442251959955416,0.5515313217116173,-0.9131858176078427,walk
S0,181,0.12892745107641626,-0.272366434211779,-1.21353294483172,walk
S0,182,-0.7457762442975617,0.765543406728871,1.0577505989385314,walk
S0,183,2.297253870250799,-0.22379900670369787,0.3252119363090486,walk
S0,184,0.7042068965292065,-0.5635916122776313,1.31278311920598,walk
S0,185,-0.9114357362743807,0.68131337235592,1.1469147987038097,walk
S0,186,-0.6237103329917957,-0.7315559864833385,-0.28994994933575496,walk
S0,187,0.06958339885752349,-2.1832679446568792,-1.0024760021727672,walk
S0,188,-1.2437849055967891,-0.8479654071583189,-1.2101399583661567,walk
S0,189,0.13490432560841142,0.07532763640231786,2.6348084539517074,walk
S0,190,-0.3672572445702073,-2.4641422072397265,1.1421880164093254,walk
S0,191,0.9810164802529739,-0.28571043694286125,0.6930384110284049,walk
S0,192,0.7697237309025975,-0.26567228701040785,-0.42519653042430344,walk
S0,193,-2.1690283499478182,-1.1411647751754235,-0.25607780491394955,walk
S0,194,0.033362068821850055,-1.186002771678246,-0.43091056291587315,walk
S0,195,-1.2939739996189505,-0.36996955847942037,-0.40654179426951503,walk
S0,196,0.8877103993988185,-0.43768013570784964,-2.902199242321816,walk
S0,197,0.13448469530225948,1.0079348075133097,-0.09143929995755638,walk
S0,198,0.4387243617495978,0.29989043610623956,-0.47656040008094797,walk
S0,199,-0.8520997830426392,-1.2646843564044636,0.3299475879205424,walk
S0,200,1.4627441903964002,-0.683721175869394,0.23380747580343111,walk
S0,201,1.6160586937203563,0.564113221697626,1.0064615919905993,walk
S0,202,-0.85181683410097,1.5167814151663228,-0.03317913651912283,walk
S0,203,0.29825209749305304,0.3091995949953797,0.9389181507322819,walk
S0,204,-0.5386419427121495,0.2485700357275881,-3.0905316257864612,walk
S0,205,-0.018855949488585683,1.4886019713376053,-1.3388125014892023,walk
S0,206,-1.0125095833796511,-0.01813715521521283,2.0537313564751196,walk
S0,207,1.493716411664495,-0.24728076666778667,-1.4802226772615976,walk
S0,208,-0.7753436088661344,-1.1305990258333345,-0.35196572283026034,walk
S0,209,-0.23686705199799568,-0.41041286578216485,0.8311242421135118,walk
S0,210,0.40118634488841787,1.7429701940785227,-1.0760635216943462,walk
S0,211,-0.5180485427329028,-1.1373931139909736,0.8500493942289148,walk
S0,212,-0.19144994378584174,0.008953365450599621,-1.730707735183841,walk
S0,213,-0.45091187714157166,-1.1266619423618527,-2.313007420479529,walk
S0,214,-0.10676860386903525,0.10278059844140626,-1.6121427615366282,walk
S0,215,-0.9364341080802423,0.7101177627616969,-2.001440896797171,walk
S0,216,-0.3503904604818405,-0.19491945585055037,-0.038231249752526376,walk
S0,217,-0.16551433976979543,0.5842778162395976,-0.3983271995214605,walk
S0,218,-0.2669808030433079,0.5766750604070706,0.37713310973317987,walk
S0,219,0.045351963915035994,0.35761985288553133,-1.259873364103725,walk
S0,220,-0.23448177548537696,1.3729983995327624,3.0345088457187703,walk
S0,221,0.6025691267515048,0.6230700431984443,-0.1315449939930371,walk
S0,222,-0.2585567406286639,-0.243967652907453,-0.07190086644455126,walk
S0,223,-0.10931967703670734,-0.5446588387936919,0.5299921631344074,walk
S0,224,-0.531825068796682,-0.6762450780034793,-0.3091197044055246,walk
S0,225,-0.4212118720921896,0.38069395010800955,-0.7746249407509607,walk
S0,226,-1.0115942326557699,-0.2589774514001348,0.08615825201438566,walk
S0,227,0.4150279367023713,2.183333631203437,1.085733096104289,walk
S0,228,-0.9140144141219937,1.4739580844945257,0.7821108625068512,walk
S0,229,-0.59668511855066,-0.17161919960505853,1.1136964246446637,walk
S0,230,0.28739572160896365,-0.26330500333039164,-0.6933368378688988,walk
S0,231,0.32205869275562593,1.3521412426531383,-0.9459620540994664,walk
S0,232,-0.3200918008040568,-1.5066878250439892,2.3894004876015904,walk
S0,233,-1.6154126483910414,-0.3612408474440867,-0.30226771824228066,walk
S0,234,0.3364106298364602,0.7606055607962977,0.5588324951435216,walk
S0,235,0.20765076711364772,-0.7296780567351708,0.8711062066507766,walk
S0,236,-1.1299049723774204,-0.38146397847478863,1.6902028223628176,walk
S0,237,0.6162576662355969,-0.28091293287575014,-1.6358738801818478,walk
S0,238,-0.560879840346741,0.528646797205251,-0.5904830750870425,walk
S0,239,-0.9009504929226404,0.11002150785850312,-0.5343519660183137,walk
S0,240,0.07658456877140543,0.3216699282305073,-0.37569682509505975,walk
S0,241,-0.14277634511937207,0.47622698014667186,-2.90908213832965,walk
S0,242,0.16209920079291804,0.023950582541706206,-0.12911531387617511,walk
S0,243,-1.284598446659551,0.8884529585989371,-3.486207920250585,walk
S0,244,1.4497840930178987,-0.5831670968845082,0.34451207747785284,walk
S0,245,-0.48212689163498246,-1.14889719650131,0.6322172583244515,walk
S0,246,-1.2317274467971289,-1.4214974438499557,0.7049068080865092,walk
S0,247,0.4950737508537196,-1.2968078231699665,-1.458097996614533,walk
S0,248,-0.2838433040809413,-0.4404125836380594,1.1340573820270463,walk
S0,249,0.25988678861832304,0.8240375146050557,-1.0486887229795727,walk
S0,250,-0.27168674450003083,0.13933340589758125,-1.4841925830160723,run
S0,251,-0.047792288383936135,-0.47883728762829025,-1.187794767936117,run
S0,252,0.1966182749909071,-0.8558844744125302,-1.028445913793104,run
S0,253,-0.5973223071863186,-0.423108521064467,0.19621132601337088,run
S0,254,0.5429916766876464,-0.32293310831715016,0.9792128448659221,run
S0,255,-0.3759200792636348,-0.452079512719346,-2.5320672545655323,run
S0,256,-0.6957497153363779,-1.1460354565941893,-0.6591324451950276,run
S0,257,0.06162593745800224,-0.3806462568978155,1.072765981550802,run
S0,258,0.3560330227928336,0.8137089067032621,0.23543393131685608,run
S0,259,-0.1832634732949117,-1.7396871532763776,0.6021279473603437,run
S0,260,-0.6900158296636503,-0.19248693795550054,-1.8056051635001764,run
S0,261,0.49582845304690637,-1.6970786838660203,1.1384848957645284,run
S0,262,-1.4082630336982216,0.14643808846232134,-1.8827330093978074,run
S0,263,-0.8246913088284263,-0.5979915127266441,0.2280857568349812,run
S0,264,0.03161831242670753,-1.668550134474133,1.633508869065592,run
S0,265,-1.088847518644054,0.08056175194673953,2.255220467816358,run
S0,266,0.022395411399335395,1.4539242828419126,0.6138438600555735,run
S0,267,-0.04389049441477105,0.08711322668173016,1.0571630423499503,run
S0,268,0.7189918310865346,0.9294331870258781,-0.7275979610061082,run
S0,269,-0.7318322814506333,-0.057203521735127195,-0.5777329586831014,run
S0,270,-0.5007252189133141,-1.7260726625296767,1.4033080456650868,run
S0,271,0.26654534776080013,0.3923867924992072,0.0019276589669571333,run
S0,272,-1.966050872164646,-0.3346234454497705,-0.1527765886331969,run
S0,273,2.480033839131668,-1.1696679421383034,-1.6926697202244863,run
S0,274,-0.5589205843694152,0.6278693391384946,0.18070917347368962,run
S0,275,-0.5838680421804463,0.2294860523630614,0.7750360884991658,run
S0,276,0.6889020087229704,-0.4203277125745404,-0.9530033702885337,run
S0,277,-0.031865473148547305,0.6944555403216768,-0.6084957869384807,run
S0,278,-1.423542894962873,-0.6976575742344262,1.896547915225072,run
S0,279,0.5015419040740897,0.5147458709920774,0.2139193789786353,run
S0,280,0.6843022671993669,-0.7523683753946401,-0.3463123747020027,run
S0,281,-0.35995701878075304,0.42716380936486315,-1.364379347207205,run
S0,282,-0.22528028663361993,-0.8805983556394571,-0.7434948375372562,run
S0,283,0.3887876778075136,1.1913505624168894,-0.2999955012498122,run
S0,284,-0.7270241999315596,0.20344600001272353,1.642953421456461,run
S0,285,0.3507108513655268,1.1463000927944895,-0.7325936378186964,run
S0,286,0.15943880835559843,-0.6579567820158798,2.153202920959265,run
S0,287,-0.5399460926207345,-0.3808818983740223,-1.1144253803410344,run
S0,288,-1.1136814990494757,0.6717318388118407,-0.4291041657912641,run
S0,289,-0.18048466460886894,-2.19497371864746,1.0122523774931014,run
S0,290,-0.7003378066081348,-0.8534326837178023,-0.28823391736209997,run
S0,291,0.8011281805441315,0.8265415618253398,-0.9963144508807279,run
S0,292,0.11526829479993855,0.3720874591154997,-0.15821209377800924,run
S0,293,0.6256676180479173,0.7830154739342463,0.5384549921147201,run
S0,294,0.10769754827556655,-0.24780870966777924,-2.0588810578188594,run
S0,295,0.21032089366802453,0.45119950528249686,-0.29824361489840445,run
S0,296,-0.6263991337843046,-0.5846754161734583,-0.1312039493419748,run
S0,297,0.5344379412577157,-1.0975682940979175,-0.4844973119107992,run
S0,298,1.4277586194456195,-1.3558359789732963,0.8824272796547885,run
S0,299,-0.24775004441403337,-0.44136765682433954,-0.6822626034190495,run
S0,300,-0.4742196221713192,-0.4391531379396006,-0.4374178183036017,run
S0,301,-0.12626936175228187,-0.5035019180773693,0.04517110483503265,run
S0,302,-0.385024226880899,-2.83904397679835,0.8746189131785521,run
S0,303,-0.5611834389228322,-1.5988828800292334,-0.26539514117725255,run
S0,304,0.1105549151745334,-0.42610599135476407,1.8199167250821082,run
S0,305,-0.23273402644007235,0.2296133020780412,-1.0892619600284739,run
S0,306,1.151098875074127,-0.4630341000376366,1.5438172228009026,run
S0,307,0.00016131436409937518,-0.701517760280563,-1.0293858613327973,run
S0,308,0.25912958210514264,-1.8467786665213097,-0.19567977837104913,run
S0,309,0.7616174943998413,1.6171992311807433,0.43685542244105874,run
S0,310,-0.24060468200363438,-0.8808890235735416,2.465807833511644,run
S0,311,1.1493892320711507,1.346717310159275,1.0749913759837129,run
S0,312,-0.5061553700160899,1.2485487335948378,-0.4870354194683323,run
S0,313,-0.6466621615089,0.2191432527207464,1.5589429387100655,run
S0,314,-0.29301361508020163,-0.4580875240501426,-0.2564458858724478,run
S0,315,-0.09177391357370944,0.10577242494581102,-0.9497350275595772,run
S0,316,-1.1210545600792414,-0.9224335792314844,0.538421630144019,run
S0,317,-0.028075827303077436,0.20858410135839273,0.11336501763995627,run
S0,318,-1.333989272351537,0.002361718279671482,1.1443996407158825,run
S0,319,1.113710720436399,0.4255746143586088,-0.659686036976776,run
S0,320,-0.06479756112615534,0.7603494789150256,0.4578041971931101,run
S0,321,-0.5135661797567793,1.386270789930276,0.7614591994017225,run
S0,322,-0.7266704946268581,-0.310652667613323,0.3336546714608161,run
S0,323,-0.30754437936655743,0.8347107342074263,-0.03478023850962967,run
S0,324,-0.17846357474434116,-0.6333356645031206,-0.8371420489092011,run
S0,325,-0.8356087724890884,-0.715651958017009,1.084502149626465,run
S0,326,-0.7358360750582676,-0.4944451482555008,0.16466940037491998,run
S0,327,-0.1497400040492293,-0.785572524631729,0.5955647670106283,run
S0,328,-0.4166269982365128,0.7842114546677265,-0.42093388903271045,run
S0,329,0.751370482942657,0.73859291076938,0.015614028890582462,run
S0,330,0.91029629939642,1.0178493976315122,-1.244673590045662,run
S0,331,0.0128169628799117,-0.020240263411296047,0.10263035416296237,run
S0,332,0.3788796576436222,0.2195052768698223,0.9182523883851734,run
S0,333,-1.068150698900096,-0.46274159888005467,0.11159194329579852,run
S0,334,0.5099341675460919,-0.9207689982797995,1.0312713726218936,run
S0,335,-0.024466775610610864,0.35761452042524544,0.3754925785472063,run
S0,336,0.38773465276066976,0.21469848905322853,1.6366279560231816,run
S0,337,1.2802849052749277,-0.8856106120461782,-0.2280595585833633,run
S0,338,-1.8246862050754915,0.4682659733172854,-1.9663562718634917,run
S0,339,0.20875854324274284,-1.393381874079783,0.5189858749026842,run
S0,340,-0.8792952505342906,-0.14319878729962712,-0.19822738545307503,run
S0,341,0.47375735312359046,-0.5042510696924144,-1.1691520587391917,run
S0,342,-1.0506507499427729,-0.42342097297823544,0.7815184295073182,run
S0,343,-0.39631965360319477,-0.8667662041801605,0.317194967105565,run
S0,344,0.16218700460829907,0.7619952731695164,0.5344063223215437,run
S0,345,0.4908075091482978,0.45275856963929795,-0.3988511409440296,run
S0,346,0.059835271469257656,0.9467362134489398,0.2364565970973059,run
S0,347,-0.6342647511902492,0.10439787891614188,0.3052068529865098,run
S0,348,-0.4428257741723264,-1.0384429233567005,2.12958612785004,run
S0,349,0.7076023129995033,-0.3032012143558514,-0.8207517173504217,run
S0,350,-0.004399692549230842,-0.9532142442988363,-0.012593039468875022,0
S0,351,-1.3470515174728461,0.35743613198394475,0.43663177472357584,0
S0,352,0.6749301666157533,0.9589647432386033,-2.069744311314479,0
S0,353,0.3329987837707794,0.2528723132636722,-1.9235620409138323,0
S0,354,0.6987324362015574,-0.4900167310877197,2.5989820449933725,0
S0,355,-0.2693019731013453,-0.30666169798673715,-2.120542744394002,0
S0,356,0.6625252147412878,0.15236000213331602,0.6899149735863108,0
S0,357,-0.8488519360013399,-1.1682859148403844,-1.0178704872774866,0
S0,358,0.45599984869236754,0.10768171460764422,-0.9157921233013575,0
S0,359,-0.3923042477024456,0.14679830201949737,-2.3790298851268106,0
S0,360,0.5394813639361172,-0.44819430052175024,-1.080886286790417,0
S0,361,0.8045152931331121,-0.347228213636303,0.9412543386044183,0
S0,362,-0.5887921216068235,0.12307571446797412,-1.6664914090998153,0
S0,363,-0.040983583598994774,-0.670631077804951,0.7145122564101389,0
S0,364,0.031163701164799214,-0.6723702351973003,0.37595729921830096,0
S0,365,0.9517318542725013,0.6079766915263898,2.421962759222871,0
S0,366,0.5684464730958253,0.16269657563057205,-0.5694402999092584,0
S0,367,-0.9754220352083671,1.3269308806521476,1.5160968470433658,0
S0,368,0.36608660856684583,-0.8063823991427951,1.066642745089728,0
S0,369,0.5960713675033109,-1.4407726789244064,-0.3440021007819423,0
S0,370,1.6990447167421945,0.7350231073343032,-1.9955471867233991,0
S0,371,-1.3433192774033533,0.7473155350330303,1.8113284555038094,0
S0,372,-0.42908183994719284,-0.6097466608545802,-1.6372666870122503,0
S0,373,1.066696950469868,-1.194285610317215,-0.5680991431473548,0
S0,374,-1.0840562388853543,-0.057752472958208206,1.059811848000224,0
S0,375,-0.959568467139781,-1.4223243113677988,1.339146682551943,0
S0,376,0.41366575630423824,-0.2951717173270012,-1.0145360353895865,0
S0,377,0.8147269287030267,-1.7687297600094258,-0.0384020230778697,0
S0,378,-0.5349443899004434,-0.21435661085469004,-0.3102941304832187,0
S0,379,0.43210173783364914,-1.721080216156783,1.417870290698835,0
S0,380,0.09356421554395766,-0.21507168114983033,3.005560049017102,0
S0,381,1.2149992272149872,1.1876090084085438,-2.1958641906239187,0
S0,382,-0.0012147517669894344,-0.24055618061263273,1.0997074919811225,0
S0,383,0.7921978495744535,0.5881908654919533,-3.4298104522880695,0
S0,384,-0.7224942874514123,-0.5416613958067698,0.016879646597576806,0
S0,385,-0.1479030795696174,-0.7427864312851351,-1.3305414287390251,0
S0,386,-0.07736356300945507,-1.2280626992256254,2.390182548132063,0
S0,387,0.9112863579881799,0.801846770282862,0.19964223396127112,0
S0,388,0.4636904316163655,-0.07758378446482406,-0.884126097546945,0
S0,389,-0.6014025050348555,1.2658546142231268,-0.5991754256505843,0
S0,390,0.5455742109439483,-0.9758548081614477,-0.6903549024506686,0
S0,391,0.6165050211420917,-0.21207392072199235,0.22597393027522536,0
S0,392,-0.08931657785555744,0.02894943044371961,-0.1897781644556489,0
S0,393,-0.2061298520254471,1.094537358881107,0.7870626887778264,0
S0,394,-0.1550425963380445,1.421547721008338,1.848313298309629,0
S0,395,-1.3559939247911068,-0.555674686039933,0.8416944562889807,0
S0,396,0.15099440649969403,-0.9442271294796705,-1.4712036572449119,0
S0,397,0.18766234338182408,-1.427076382556334,-1.948568167783182,0
S0,398,-0.6924228190071915,1.03097853497961,-0.9065034307868423,0
S0,399,0.5939569999000539,-0.1087953847094493,1.2638583171716797,0
S1,0,-0.2680385229322792,-0.2749287831053475,-0.20024365181773238,0
S1,1,-0.5340582552612673,0.4932188527625546,0.7496329831667755,0
S1,2,0.11062604624470612,-0.4922277546481162,-1.0370978874054884,0
S1,3,-1.1324207596731317,-0.2868233198557934,-0.06338877408316985,0
S1,4,-0.9114621773354333,-0.06781500467311924,1.0063397370060738,0
S1,5,0.4082603401675784,-0.3659964086056703,0.3776462282969683,0
S1,6,-0.2425227943265779,-1.9622579924993415,-1.49271010173711,0
S1,7,-0.36258899367241426,0.01692166722385546,-1.3527808959962557,0
S1,8,0.2541080202532032,0.20929761258265633,-1.9039929163933096,0
S1,9,-0.4678969625446472,0.3809571747959643,2.199671029252365,0
S1,10,-0.5490328372501397,-0.7951880066386812,-1.8242514210517689,0
S1,11,-0.36784813002693934,0.275397892476835,-0.12963843919398235,0
S1,12,0.4820964712892793,0.1725604695121779,2.240694975965681,0
S1,13,0.04785594857696253,-1.4150542971252678,1.329976603164261,0
S1,14,-0.9556780677410487,-1.7615482443674062,1.6185756466813632,0
S1,15,-0.24244553162336652,0.3811764677087575,-0.5603427822437631,0
S1,16,0.5185791411610453,-0.7633482689351317,0.9257462842985447,0
S1,17,1.4966015545255018,0.801765062274556,3.6938198966861977,0
S1,18,-0.913883193697561,1.7122970370646933,-0.004113861049111853,0
S1,19,0.2708282352388184,-0.466181524772845,0.5361679340884864,0
S1,20,-0.206998621452286,-0.5515158051285128,-0.3379152317290572,0
S1,21,0.6604155494498033,-0.009356900067405255,0.024950823543519452,0
S1,22,0.35964398185285334,0.5397973415082983,0.4896305552206542,0
S1,23,1.1777415261926518,-0.9086393708878386,1.7056507721430065,0
S1,24,0.4155607218196883,0.9963773300867704,-1.0385696857501197,0
S1,25,-0.4360906497831259,0.7929772620903294,-1.672065891954375,0
S1,26,-0.4308745425434306,0.5288851826733719,0.07331578761836069,0
S1,27,0.32444008777370337,-0.4318727841789364,0.28923571051885105,0
S1,28,0.3159545515396723,0.733041676675221,1.7366686051717457,0
S1,29,1.9183498140683222,0.6857702880243862,0.9045204687927167,0
S1,30,1.341066175732476,-0.9607767186279562,-0.7057284535207493,0
S1,31,-0.9388626819000445,1.6721474394735143,0.7237894183704595,0
S1,32,0.2801798366188439,-0.2404218661850425,1.3831708078085498,0
S1,33,-1.0647910890948722,0.2953487793725089,0.38731428884313795,0
S1,34,-1.3245415165754624,-0.4193243493115147,-0.36390907288352764,0
S1,35,0.5948368011541678,0.3079174172289438,0.8558394729263772,0
S1,36,0.44139802643612536,0.9280659340737162,-0.38218522044889197,0
S1,37,-0.8308542354696078,-0.6458949263916393,-2.1972352609856705,0
S1,38,1.3149493904788256,-1.3243406941033333,1.6401353190016073,0
S1,39,-0.7820559436002352,-0.3599883893080296,-1.505225425505162,0
S1,40,-0.9341827049173358,-1.0448368103421215,-0.3598975305714813,0
S1,41,0.5220945771360228,-0.6068581817929989,-0.33819849921420647,0
S1,42,0.17675083657244112,-0.10118640418445175,-0.3620171418394828,0
S1,43,-0.12840640077506604,-0.05132592212261238,-0.30216420617697254,0
S1,44,-0.05365266632077112,1.0325831704201747,-1.6895649315079622,0
S1,45,0.17904063300682221,-0.8118386809188851,0.6688528626297652,0
S1,46,-0.11166398859906823,0.28216672282205124,0.0699896637479886,0
S1,47,-0.13800389462482962,-0.40605396230897894,0.08345152741410468,0
S1,48,-1.5167653509331593,1.0920456281423598,1.3218099934908574,0
S1,49,-1.0735690928077337,2.0221587965339967,1.354427454840544,0
S1,50,0.48875965625820933,0.24275178866814434,1.6410293902002304,0
S1,51,-0.5634407123573556,1.3393528411600668,2.254601476016936,0
S1,52,0.43615460728936306,-0.4241644731512277,0.5775287071762683,0
S1,53,0.9883711193965277,-1.279525207033691,-1.8122595260040157,0
S1,54,-0.2839606611587432,-1.0163188127996006,0.2888754694432335,0
S1,55,0.2263758250744683,-1.2632719499734852,0.048975786367520945,0
S1,56,1.6611811574229502,-0.7637994576805922,0.11623874882292179,0
S1,57,0.5559485138508365,-0.19217496337058154,-0.6869832748734888,0
S1,58,1.4734990646010704,0.9200827561823088,-1.0331690409429588,0
S1,59,1.2267256431312636,0.5598872898369521,0.989191588955669,0
S1,60,0.602688279616908,0.3710110727355037,1.197424191775113,0
S1,61,-0.08951500913899675,-0.33898885586705035,-1.307865060556501,0
S1,62,-0.6735948265884404,-0.5775298561770581,0.6810036464165666,0
S1,63,-0.8893583916178933,0.026611724516956915,-0.1693086698943206,0
S1,64,0.3890631477450155,0.11013338424397962,-0.4318883407578881,0
S1,65,0.3745467013398341,0.20496896749374316,0.8545149554732537,0
S1,66,-0.13969776642616158,0.2972384993427512,-0.028332209510844072,0
S1,67,0.6787731048692789,-0.09409116171141645,-0.6322746241527843,0
S1,68,-0.4836296914745181,-1.539725036425763,0.09919316797474412,0
S1,69,0.8881752544889508,-0.8921912248832262,-2.3644208823525803,0
S1,70,0.032005651828895955,-0.6604914697378467,-0.6801358844794716,0
S1,71,-0.02906126062445241,1.3573861642386829,-0.49803219686142824,0
S1,72,-0.0002186375835719446,-0.3418179774183515,-1.6492487924910033,0
S1,73,-0.07887302142761884,0.5400273037795601,0.23958459508106247,0
S1,74,1.9906114306629767,1.1713907812599118,0.34833671012847506,0
S1,75,-1.2892158633180826,0.26669092080173434,-0.6988407671133879,0
S1,76,0.14177803502543848,-0.31423325171564936,-0.18209038800525754,0
S1,77,0.9952849514712461,-0.23457680670898817,0.8285901774938266,0
S1,78,0.5740104420580173,-0.8179141487098118,1.29141219604751,0
S1,79,-0.24166557736581626,0.24523111534076755,-0.8935248739064043,0
S1,80,1.3920968193734693,0.9024558388377409,0.424291608835818,0
S1,81,-0.8547942862125452,0.45584912914878584,1.2609193051528405,0
S1,82,-1.0450369037745852,0.617053733969902,-0.021124347598369,0
S1,83,0.45445645034592863,0.5741447610960715,-0.9121171017904135,0
S1,84,-1.1635758409864208,1.6032184529006845,-0.9075678840367107,0
S1,85,-1.9023598023732924,-0.5070504831312028,-0.37545127825318036,0
S1,86,0.7063093101823998,0.12601908200572684,-1.229605917432685,0
S1,87,0.609080250096349,0.5643808298212984,2.4240804837672614,0
S1,88,0.5858294903547603,0.9978130528546014,-0.6763131081645505,0
S1,89,-0.3899769157473022,-1.9421139463235937,0.4604631693461304,0
S1,90,0.14635690215147446,-0.41787328041322597,0.22556223925996216,0
S1,91,-0.7722612625939593,-0.16679493715105906,0.7691969805513156,0
S1,92,1.3874809652901252,-0.8235362523890803,-0.4585411885005078,0
S1,93,0.6328194012035586,0.6777074630449973,-1.5557765062977726,0
S1,94,0.5938048578961748,0.1751916130247419,1.9676611685904906,0
S1,95,-1.5599877927253079,-0.3171597061126836,-0.09302316273655813,0
S1,96,0.6458416351919073,-1.3072963965277542,0.14039777264301373,0
S1,97,1.1951776175850874,-1.0590178591973223,0.24043227666603556,0
S1,98,0.9730096685178984,-0.7882677687621387,1.5140153498183346,0
S1,99,0.6313042686372001,0.36384962589769515,0.9228814484273292,0
S1,100,-0.0007657352237323231,-0.9754087232741462,1.4088771762939263,walk
S1,101,-0.27346627780403443,-1.6555422900262,0.9873994181034166,walk
S1,102,0.4813133484951059,-1.1620140149203777,0.18461604059447337,walk
S1,103,0.30621548463789033,-0.47356978332408667,0.3063225527275962,walk
S1,104,0.1890996243086812,1.3386204693268844,-0.8901181727457137,walk
S1,105,-0.24737979743121255,2.001544375167541,-2.324587978979743,walk
S1,106,1.3450052223403461,-0.38510309657903186,-0.28532175914031643,walk
S1,107,-0.934274633756788,0.7550867015213505,-1.2855981930430425,walk
S1,108,-0.01810596464966675,1.120968787893203,3.1063674390496896,walk
S1,109,-0.4641446982314369,1.0276335940037125,1.8725060224114312,walk
S1,110,0.8256344384726868,-0.09342854245283184,1.406622804894062,walk
S1,111,1.1443852058354247,-1.0416634406147998,-0.6590178765766522,walk
S1,112,0.9952710726482149,-0.3906434870392117,2.472380721672761,walk
S1,113,0.6043257454067952,-1.4895858960188284,-2.0431598622343246,walk
S1,114,-1.1220815811840064,0.19090854960373005,-1.448267692204492,walk
S1,115,1.6649861660370622,0.6219951944555315,-0.9351876031182889,walk
S1,116,0.413356871659719,-1.5143923769125538,-1.1477435573277326,walk
S1,117,-0.08677059599745263,-0.04145537911698066,0.16088625563444683,walk
S1,118,0.017200476891779132,0.23388454843473686,0.23448855920432785,walk
S1,119,-0.2716153069212813,0.9994567106442045,2.293855756606694,walk
S1,120,0.33910445817905027,1.1028984929309351,1.1987271079833852,walk
S1,121,0.2481342464884833,0.6410191530058117,1.4669347288017058,walk
S1,122,-0.2880800365333621,-0.5493872536527659,0.5040339379795195,walk
S1,123,-2.0559131494203817,-0.294678129173069,-0.17479060524445994,walk
S1,124,-0.02809706803837782,0.963434153971353,-0.821786631330636,walk
S1,125,0.3814687649916012,-0.48472523701788806,-1.8090673814739477,walk
S1,126,0.4209342759138605,-0.03379833013118704,-1.0417701540991133,walk
S1,127,-0.12277200062054985,1.248648429104368,-0.4551327894516302,walk
S1,128,0.36265181557072607,0.102305231056881,0.9172828327808178,walk
S1,129,0.8226551523495801,-1.0996122558055028,-2.021839284730558,walk
S1,130,-0.37620022605109343,-0.23647179004923902,-1.63765550264992,walk
S1,131,1.1730232363349025,0.5114575718360764,0.26527771661585053,walk
S1,132,-1.5641266414567399,-0.15226473742740487,-1.25686119682514,walk
S1,133,-1.0088388269752564,0.9290496600725948,0.4043426575991975,walk
S1,134,-0.7241159603003346,1.0256076468112234,-0.4922095410547854,walk
S1,135,-1.9555733675804339,-0.520654354882402,-0.9003424680941462,walk
S1,136,-0.7998100968262293,-0.40292696376162485,-1.5978836000360903,walk
S1,137,0.9986975805091055,-0.0834452766064182,-0.11097337487640853,walk
S1,138,0.9932232522020666,-0.9614111714034618,-0.8726892922486903,walk
S1,139,0.07788677018096413,0.30225465066289486,-0.7338417210591547,walk
S1,140,1.3768015733903791,-0.14418169859717503,-0.7630841557069682,walk
S1,141,0.19159217595695563,0.6281628028081357,0.22521443804876326,walk
S1,142,-0.3982495652930029,-0.48008274021175973,0.17907557567397978,walk
S1,143,0.19330461550625289,-0.7038133436367294,-2.055505439565962,walk
S1,144,-0.10971728829112147,1.4702267987911872,-0.19258779209540403,walk
S1,145,0.5887467683999986,-0.7034609041522524,0.4784794134912686,walk
S1,146,-1.2024405118027204,-0.4684981846985845,1.247354133805499,walk
S1,147,0.7995319546649834,-0.5859900779437196,0.9399323478755395,walk
S1,148,-0.36762138495081575,-0.2436989924739409,0.25145256606841826,walk
S1,149,0.6842584132082062,-0.7328370189600839,-1.3709394466183629,walk
S1,150,-1.2328321614771087,-0.03598897732392566,-0.9239277379525015,walk
S1,151,-0.3354069243618306,-0.5639010832732118,1.0974586256592314,walk
S1,152,0.06245057628017256,-0.33350009053142826,-0.8425994282929837,walk
S1,153,0.7211621031609314,0.29025439165402395,1.2315175370737024,walk
S1,154,-0.9740248553374864,0.5612646582355646,1.528761003252933,walk
S1,155,1.3339554047270052,0.3735757961693799,-1.2746111855760593,walk
S1,156,0.3861307800028122,-0.5888531722266132,0.528737593042152,walk
S1,157,-0.4206203347224857,0.317731521402002,-0.13448777825583813,walk
S1,158,0.9738416273504644,-0.09637031409285488,2.4332443758495517,walk
S1,159,0.08216881841810383,-0.08506023178113503,1.0056551506097864,walk
S1,160,0.9266375845689837,-1.3778953747519338,-0.6125512760389029,walk
S1,161,1.8585182469974175,0.5370537712944573,0.4887701580199126,walk
S1,162,0.6148227021268642,-0.1116843119361286,-1.1012204851673786,walk
S1,163,-0.4213435708560278,1.3650139568225308,-0.1817790281448701,walk
S1,164,-0.34056594831291875,0.5120815357282238,0.24598730114368966,walk
S1,165,0.46604347710277305,-0.8932138912013547,0.1792455845870439,walk
S1,166,0.23032433367500624,-1.0977548552364822,0.3693222351656688,walk
S1,167,-0.6664239708423922,0.9207827601921,-1.0883283948778195,walk
S1,168,-0.5344876125007832,-0.6998969906369941,-2.2239357159505078,walk
S1,169,0.5326256234257546,0.5475929659650701,-0.4354977435621888,walk
S1,170,1.8773586966890392,-0.24061670694770265,-1.0708286142085601,walk
S1,171,-2.1042939050463514,1.6830677876683753,-0.840220961690305,walk
S1,172,0.5791329102581775,0.06415474545478993,2.5648032240583354,walk
S1,173,-0.16883774641733962,1.2126185583351214,1.395465583116619,walk
S1,174,0.6234917709921494,1.067317736859074,-0.20934139004540564,walk
S1,175,0.694177102452219,-0.3688449902272156,-1.720122563245878,walk
S1,176,0.04227046803083839,-0.2608413034999674,-1.5578349429861629,walk
S1,177,-0.8127788376177562,1.1916096411268091,0.4334352903682515,walk
S1,178,-1.1176415148023955,0.005662541989299201,1.2832185794431785,walk
S1,179,-1.4993429508745317,-0.6885433726806472,-0.346217917555037,walk
S1,180,0.977876480187933,0.9709258821215642,0.16211960211715834,walk
S1,181,-0.16776189260559604,2.0678772043670084,0.30576687860629304,walk
S1,182,-0.4322199738868447,-0.018799510069422806,1.2794318295801559,walk
S1,183,-0.22217552866111487,1.1347299635368004,-2.256565619788406,walk
S1,184,-1.0715741747172578,-0.11188393892283888,0.1871427410137151,walk
S1,185,0.24369166361684785,1.1049212343114458,0.4866371276031797,walk
S1,186,1.0549611968350365,-0.16917533054267322,1.1401105169086194,walk
S1,187,0.9107685046167703,1.0909036908386665,0.4753655916458104,walk
S1,188,-1.252639256982176,0.462291354824131,-1.3208362713059731,walk
S1,189,1.0908095070471615,-0.1174844521619804,-0.6966642896824624,walk
S1,190,-0.6113895157810685,0.22069681062029145,-1.8290191120793848,walk
S1,191,-1.5303618121942122,-0.40057239326780136,0.2318429716056965,walk
S1,192,-0.9835777883284916,-0.866071716694396,0.2308320412447835,walk
S1,193,-0.7732112889960432,-0.8085110981811768,0.6141979434749736,walk
S1,194,-0.005558272272031196,-0.006888477841421129,-1.1638463842790778,walk
S1,195,-0.8255803783889974,-0.8058473491354304,-1.3682768189247965,walk
S1,196,-1.208196368623943,0.3947710823280623,1.8307182682142953,walk
S1,197,-0.21159522810504172,0.46980062867451605,0.21861852080468533,walk
S1,198,1.5391231542348578,0.4229977910881176,2.0952041057650383,walk
S1,199,-0.5618807059108807,-0.34955580047971274,0.5273329782398415,walk
S1,200,0.37140281235979633,0.09468133723461733,-1.7540485858663781,walk
S1,201,0.06395746498357273,0.03004670738120667,0.9665001391375034,walk
S1,202,2.1264541713556593,1.1098832711876718,1.4821563961534965,walk
S1,203,-1.518606527727583,-0.5934888333938961,-0.5408681231100413,walk
S1,204,0.8763053177719832,-0.2549324274972352,-2.3095903794527732,walk
S1,205,-1.025107996640091,-0.1335479968703883,0.7982896501968003,walk
S1,206,-0.4739322032161084,-0.06041823949562064,-0.1684230862699505,walk
S1,207,-0.07734532271472969,-0.5453367173769766,0.3331116060201326,walk
S1,208,2.5488689614384326,-0.4484662802319204,-3.223814315446198,walk
S1,209,-0.6104042482266608,0.8680938837852518,0.5485500752374898,walk
S1,210,-1.5111072905986698,-0.45541237329129775,-3.3006189681580547,walk
S1,211,1.037890880272981,0.7897840563144133,-1.0408876020063287,walk
S1,212,-0.6713888866640825,1.6847112046927917,1.0630816967160093,walk
S1,213,-0.19436028295255367,1.0793991916377554,-2.1893725835116324,walk
S1,214,-0.019233458355405224,-1.39035574452069,-2.2365632485635913,walk
S1,215,0.07759102846471395,0.6757369266687846,-0.5397347920228518,walk
S1,216,-0.1361109026855133,0.43966617297328203,1.9759920944021405,walk
S1,217,0.21420514877924302,0.49250027683251735,1.9387827277036616,walk
S1,218,0.3098876817885949,-1.2448405957816109,-0.7299390296794179,walk
S1,219,0.6831382545743516,0.6641752236438008,1.1994272732697862,walk
S1,220,-0.3417865087197296,-0.8152965768574438,0.6946993580935328,walk
S1,221,-0.5989841146839229,1.091645638062555,0.31317798310054507,walk
S1,222,-0.8508402229336431,0.9131445663322595,0.42526589210971133,walk
S1,223,0.4741671201353591,2.0948807589724248,-0.8713305939938308,walk
S1,224,-0.03703851615689215,-0.2553882300214263,0.9600528709593792,walk
S1,225,0.4425636571422664,-1.167021647973539,1.271961770824857,walk
S1,226,0.4305569934526971,0.8914272873109189,3.239893238565472,walk
S1,227,1.3487015466836842,0.7513015999296919,1.0982353345087021,walk
S1,228,0.1660040764536288,-0.2548882576425486,-2.945663680947461,walk
S1,229,0.6018970533520503,1.139920746397219,-1.4485221567694468,walk
S1,230,-0.962071861035851,0.6021708334180729,0.39612560436419897,walk
S1,231,-0.8642413409519627,-0.9802010288608524,0.07808294507082816,walk
S1,232,-0.2493901966434886,-0.23112098701117098,-2.2372913860645505,walk
S1,233,-0.9733741406515577,-0.3069597139116611,-0.17275996971770508,walk
S1,234,0.5516745742329181,-0.03797073506431625,-0.4352591428924829,walk
S1,235,-1.0664422306194565,0.2033414766952515,-0.06513445067700349,walk
S1,236,0.054706414988570734,-0.5071876094147163,-0.15271865128666143,walk
S1,237,-1.9664764971996807,-0.10865518267607233,1.0988575114330827,walk
S1,238,-0.8838237787242763,0.5210754478857377,1.7514046486375783,walk
S1,239,-0.2712282690151577,-0.009909816083580464,0.8143652396513438,walk
S1,240,-0.2072317494921798,-0.16738658971452192,-1.3383561255241712,walk
S1,241,-1.4333165946930206,-0.19501083764073415,-1.0418123549431058,walk
S1,242,0.08693526327397147,-0.031588645336646105,-0.8003339448296724,walk
S1,243,0.779891222962627,-1.4840969546071903,-0.07313403807267045,walk
S1,244,0.5185923241900822,0.1768327710759138,-0.5174578586784975,walk
S1,245,-0.5268664515503267,-0.7745565695295018,-0.42528605517820467,walk
S1,246,-0.469837470534831,0.13328685077094554,-1.1122342426946439,walk
S1,247,-0.9490402253595538,-1.1295418748886095,1.1339055324038063,walk
S1,248,0.5038303956895668,0.7861811359927132,1.016618014554865,walk
S1,249,1.1533270702015639,0.2379334659505104,1.1404818844623552,walk
S1,250,-0.4207643804004206,-1.0327512210297871,-0.10123413832397292,run
S1,251,-1.3582544535582244,0.23817835510104343,0.5410541297848235,run
S1,252,0.16000339408391875,-0.5594011679082772,-1.0980054537090285,run
S1,253,0.5662155392852254,1.4897056673938471,-1.2188073947156308,run
S1,254,-2.177699079780074,0.44152538755307263,-0.6571079322696561,run
S1,255,0.11068483170574304,-0.588616311477878,0.697421217915552,run
S1,256,1.7315095837446728,0.22919136869971535,-0.18289083323407743,run
S1,257,0.656518087543751,0.023424529794134008,-1.3745504716228727,run
S1,258,0.44036704073796473,1.008501550242025,0.10797073452375364,run
S1,259,0.32169702186005295,0.33612825042301187,0.5038232277248679,run
S1,260,0.849519057035728,0.46208059958500114,0.1923942914958203,run
S1,261,-0.7529338030455568,-0.8433161057551491,-0.8028480929522029,run
S1,262,-0.6762702419495945,0.686066113175902,0.0744997635478329,run
S1,263,0.32605544711530915,1.7278881640057766,-0.5086738834983743,run
S1,264,-0.5482634755922956,0.5627142035381322,-0.3933487423858461,run
S1,265,0.2069619361718354,0.021629730059332535,-0.1100315808031037,run
S1,266,-1.5300499869043143,0.18458003479547538,0.901645918032302,run
S1,267,0.6063637309717066,-0.7088123185331822,2.1879466158015357,run
S1,268,0.6775771297598678,0.20268216924557356,1.8680929876175976,run
S1,269,0.034942321677806594,-0.8248095942787158,0.7520918869260513,run
S1,270,0.1315383529184758,0.08942229464038286,-0.48190096090444756,run
S1,271,1.2965208685625944,-0.2562499608764775,-0.37203228611022904,run
S1,272,-0.8664757023056036,-0.6102924876849404,-0.3204215025724254,run
S1,273,-0.7305253250281776,0.5189353137805046,1.3812489784710607,run
S1,274,-0.8750450351323624,-1.137074965465932,-3.318383236945564,run
S1,275,-0.33978413700443705,0.022573246996684723,0.30936210904556577,run
S1,276,-0.8089199368066968,-1.0051979299042575,-2.3909873158033124,run
S1,277,0.029638781751151585,1.51942208583345,-0.0046442158106019095,run
S1,278,-0.5205894447992686,1.635463062969131,1.5894539681418272,run
S1,279,-1.159319295724299,0.7326600133350649,-1.0931292119642921,run
S1,280,-1.2401421889397888,1.573392208754381,-2.7394413121582772,run
S1,281,0.9693256855051469,0.5299877812309033,1.556544825494609,run
S1,282,-0.05510305436283536,0.4892362184071768,1.8069868776140532,run
S1,283,-0.18187025946765137,-0.2852175338731355,0.5982924690828891,run
S1,284,0.0212556683224095,-0.6615251871531354,1.506321952111539,run
S1,285,-0.06588969267531765,0.15697767065337684,-0.9629877362718997,run
S1,286,0.604890348465892,-0.3738544955319847,1.4071379901549619,run
S1,287,0.44980722255618766,-0.2959615953753588,2.040749039742838,run
S1,288,-0.4717661970830966,0.6375047740735607,0.7682147170293501,run
S1,289,-0.6588216457706246,-0.04805680708061641,0.3372770219369503,run
S1,290,-0.8693766308488766,-1.1948949148455557,1.5399460066221173,run
S1,291,-1.0009050369692665,-0.11985112740776312,1.3583370573125069,run
S1,292,1.121716512056275,-0.5577337711006901,-0.8985928666959695,run
S1,293,-0.7332313877315342,-0.18302530936971267,1.63203197836591,run
S1,294,-1.6152366348333176,-0.8258136709327037,0.8935436198583052,run
S1,295,-0.6747875694860245,1.0123608339457986,0.19043374987499812,run
S1,296,-0.6306893554493523,1.5743882349940144,1.5644626710232143,run
S1,297,0.26388129132783983,-0.8373806397102641,1.1105429954703998,run
S1,298,-0.7087860686283036,0.5706569827669471,0.8951214182246298,run
S1,299,0.42780245362933667,0.5300217874284668,-0.6094178373010839,run
S1,300,0.31082157968124385,-0.8080789262742147,1.0001695439602982,run
S1,301,1.013463614427965,0.1322412017108692,-1.3302172947623987,run
S1,302,1.7335944632588196,1.1800985744830736,-0.15173894732578655,run
S1,303,2.279123300104742,0.7284612025525585,-2.0319135323827764,run
S1,304,1.0806677143062122,1.3458678579551338,-2.0452702795266653,run
S1,305,-0.9277602570213017,-0.8863810655942187,0.5316673239886821,run
S1,306,-0.3233595144012258,-0.5479262671428451,-0.09840803947086059,run
S1,307,0.19811691440904344,0.28176658060203347,0.10170528149467258,run
S1,308,1.6545020031970505,0.3314798484402448,0.7103399720985388,run
S1,309,0.5412962660777416,0.06676916502551328,0.41998042535695196,run
S1,310,0.9626979236822303,-0.2630562011390793,-1.0636612218025667,run
S1,311,-0.13916150528944102,-0.28268005271322516,0.08811813931277479,run
S1,312,0.4722275970485334,-0.44119623121075424,-0.08048424951089973,run
S1,313,0.5745538047761846,0.4050313228103295,-0.6239644905611196,run
S1,314,-0.3650467963704728,-2.164253959413156,-0.14945812771268757,run
S1,315,0.6218623709234783,1.322669215795563,-0.43849922891554466,run
S1,316,0.8566484749810104,-0.3800389487927186,-0.7789306051706505,run
S1,317,-0.12669258780465273,-1.1028743613416283,-0.4011126821964211,run
S1,318,0.8145172272950589,0.47633088693030845,0.28197872711548777,run
S1,319,1.3183637682560898,-1.08417738887703,2.475870403026497,run
S1,320,0.05303995078144992,0.348184902073015,-0.9803789375983363,run
S1,321,0.00025774222137764396,-0.28288882016412137,0.6263008313146269,run
S1,322,-0.2476938360211517,0.5102745003758016,-1.7535945044106462,run
S1,323,-0.49544756562077785,0.6683889149939919,1.908029787002655,run
S1,324,0.12492091731653675,1.0718453329769744,-0.400050394004128,run
S1,325,-0.32946148146173315,-0.3610387425112468,0.16665079016253304,run
S1,326,-0.2495845267202586,-0.19845770874108862,1.5329030189436643,run
S1,327,-0.6187930193282591,0.02389080422193862,1.1852125715281736,run
S1,328,-1.2288384799661127,-1.0987527539602577,-1.7902312567074843,run
S1,329,-0.7497952733810445,0.506901530941425,0.6662314438522768,run
S1,330,0.2631979439656646,0.13496666325848533,-0.27287073249024996,run
S1,331,-0.9465106991414564,-1.0410580075795774,0.7429482582544096,run
S1,332,-0.5183791148564942,0.9993288564660388,0.18286126524218996,run
S1,333,1.3137281015600621,1.1233333075162457,0.883247127943649,run
S1,334,0.901212611581753,-1.0234205885831194,0.3503467662125989,run
S1,335,-0.5547328418917038,0.4876240667886238,-0.16782519795086503,run
S1,336,0.48270354142024585,1.030134733356762,1.4123747866508902,run
S1,337,-0.5202287556057181,0.7011933811438706,-1.8528558958183696,run
S1,338,1.3020713332779952,-0.7559937012766316,-0.5196720940917514,run
S1,339,-0.46855495627004534,-1.089513680678137,-1.146718813628773,run
S1,340,0.0653733602887092,-0.06453620558940527,-0.17264585098458005,run
S1,341,1.1078468929997913,-0.36951683113352907,-0.5159312764751585,run
S1,342,-0.662301407589041,0.020564846722899814,-0.17765759442445944,run
S1,343,1.0436273661109219,-0.055822777352302816,-0.5885258380233362,run
S1,344,-0.6539610716571501,0.44800479811704125,-0.5635176086432979,run
S1,345,0.19055659589629062,-0.42285466999288873,-1.9728619319211687,run
S1,346,-0.23649175427647995,-0.10427162892627542,-0.045203399360881906,run
S1,347,-0.07080402928284434,2.399250851599723,0.3699658914283697,run
S1,348,0.12807224002309114,-0.0795451384316297,-0.7156233836704986,run
S1,349,-0.05947551364680297,0.6130187926388779,-0.7883250740292457,run
S1,350,-0.8138667272988823,0.25404817357464116,-0.7734917630917619,0
S1,351,0.693263858726829,0.19719046798449497,2.0148490842183,0
S1,352,0.5764314631590196,-0.707308004237423,0.22562136306120942,0
S1,353,1.0318692193865124,0.4434302800271871,0.4652875680570954,0
S1,354,1.1079585254634305,-0.01991369873200867,-0.3604868622862543,0
S1,355,-1.0751742610201633,0.6749376540338405,-0.5999340921124724,0
S1,356,1.0284090292388546,1.6615310622277768,-1.0542954477435058,0
S1,357,1.0381877390243976,0.16789248596309822,1.8505533487638113,0
S1,358,-0.4257945548460771,0.6290427698770573,-2.040516267110025,0
S1,359,0.8299236846959741,-0.7991797493780225,0.3599643373180352,0
S1,360,1.1745849372763573,0.11286823737870849,-0.02884988235380189,0
S1,361,-0.43106840280430464,1.2603060807637043,-0.30674675518846406,0
S1,362,-1.1030074793787625,-0.029022626526735613,-1.8796890337377699,0
S1,363,-0.2876292209680071,-0.49089267318291335,-1.482030516870738,0
S1,364,2.2341656515298762,0.183683457295633,1.1779976670330279,0
S1,365,0.18900836224023831,-0.12934768625127277,-0.8324795828504644,0
S1,366,-0.9713675613955731,-0.1742118932400484,1.0549173954830138,0
S1,367,-0.20235781792559862,-0.27998927243117927,0.8036744345349996,0
S1,368,-0.7952417716773237,1.6073326953048968,0.6952604233340313,0
S1,369,-0.31942447665335594,-0.6788945518909335,0.9137897863776229,0
S1,370,0.07611529484546779,-0.3125129946823988,-1.452319898878567,0
S1,371,-2.0492776039534926,-0.4385922915164904,-0.5688716577935324,0
S1,372,0.2883206251835079,1.0096892000678874,0.814320947795642,0
S1,373,1.1317357096251448,-0.20557930774937475,-1.5148347367608113,0
S1,374,-0.15789504427720227,1.0609007597952542,1.9975203323981279,0
S1,375,-0.3061559383239742,0.15057600562633433,-0.671566104929529,0
S1,376,0.8748723567318657,-0.0013963906637526416,-0.07717360508290784,0
S1,377,-1.0133109008475794,-1.151370086071786,-1.230151149454463,0
S1,378,-0.996712144886859,0.9862651134106998,0.4389705500908702,0
S1,379,-1.1124288501572202,0.4498673333844135,-0.8805683976150089,0
S1,380,-0.12590236549252629,0.3410704989505493,-0.29100281080407336,0
S1,381,0.3152215820937608,-0.076941089484495,-1.3664679433635685,0
S1,382,-0.07245835524789576,-0.31637495525185094,1.4301080711443332,0
S1,383,0.43982097863847536,-0.9975101736422135,-1.9591521482395315,0
S1,384,0.6645977599699622,0.7735441435630439,0.5413430044839369,0
S1,385,0.3972682138172135,0.23209578878785897,0.2844841864999851,0
S1,386,-0.6469230452330096,-0.27035374721409106,0.5253589681535449,0
S1,387,-0.21447015130906455,-0.48734257710606077,-1.22478278519057,0
S1,388,0.9985977561683422,0.10978691538320039,1.240488935616787,0
S1,389,-0.8373492745789021,-0.05572927223392811,1.1572645651833056,0
S1,390,-0.20273896358875218,1.331287925740174,0.19149774091213986,0
S1,391,-0.33381905093186715,0.6361463070668969,0.3751940978383617,0
S1,392,-0.14407092716878997,-0.45978197462696224,-0.18883108903380316,0
S1,393,-0.860534793385533,-0.867355760419783,0.7716605493437706,0
S1,394,-1.0794668020698486,-0.17156577986732113,-0.9854389759056568,0
S1,395,2.044771183799592,-0.7120364982027048,0.6658275253640336,0
S1,396,0.7567208680701344,0.07819365445328588,0.4875917366908195,0
S1,397,-0.5700937879818992,0.3408453020987532,-1.692034117081904,0
S1,398,-0.04717198115319076,0.526908444033747,-3.1488605751014496,0
S1,399,0.5413668122346358,0.3512749104254049,-0.14067591655498615,0
S2,0,-0.12924804044084534,0.22662207378023275,-0.7142990102208349,0
S2,1,0.9744407118794071,0.2315552931388151,2.0017807556616516,0
S2,2,0.046077445045682855,0.7695302093960743,0.05569778698009164,0
S2,3,-0.3982380923061164,-0.6209968303030401,0.004488266328540619,0
S2,4,-1.087838743895983,0.5712242620855044,-1.2565283500509128,0
S2,5,-0.07061094584482927,0.1275954318404058,0.0761649171006753,0
S2,6,-0.4670703052638498,-0.33067512032903923,0.715328800463238,0
S2,7,-0.8821757411194948,-0.78866991202515,-0.06389469229884431,0
S2,8,-0.09633334852579746,1.1564457528363412,0.9204693833868514,0
S2,9,0.845589785987348,0.19063045246656032,0.3976244737299163,0
S2,10,0.07421005578014188,-0.4079024325777999,1.2632856045577758,0
S2,11,-0.8392501231194679,0.05903591669775633,0.994888680959573,0
S2,12,0.2618183938306505,0.005404626485203434,-0.15716311976121428,0
S2,13,-0.8784541600944107,-0.4123618436273395,1.0463392050186286,0
S2,14,-1.262142098140504,-1.0901568310114524,2.1688811977690143,0
S2,15,0.39540350954564163,0.12314164255677046,0.36740199668551726,0
S2,16,-0.4402807620445699,-0.12692096337738049,-1.4619443107993453,0
S2,17,0.8908567502361221,-0.2210657402279695,0.23191934184114002,0
S2,18,0.24881804500017501,0.7817025228201305,-0.23665744366440486,0
S2,19,-0.6451361954474093,-1.0363222669312895,3.111755354589458,0
S2,20,0.17544422883944943,-0.7526287044168463,0.9071943387375678,0
S2,21,1.0364119953113986,0.1297079745578788,-1.3275379492839954,0
S2,22,-0.1509708637140879,0.6621386587525054,-0.22633699814957428,0
S2,23,-0.8489045769360715,0.48651120126093805,1.7527760535243568,0
S2,24,-0.529166186269229,0.5782885542509212,-1.3963060658458888,0
S2,25,-0.6504487986532347,-1.737019441838324,-0.5935698928229733,0
S2,26,-0.944790331820977,0.39563872393516203,-0.0029741976793657755,0
S2,27,-1.0339877502449573,0.3330036155945292,-0.1835548069542757,0
S2,28,0.337903719835663,0.5436191081239631,-0.7183394839235394,0
S2,29,0.8875646880124652,-0.5403989460673703,0.14954183512332056,0
S2,30,-0.2895068391251438,0.4068188215336764,-1.7020384309162744,0
S2,31,0.6292658177757545,0.796673071878293,-0.7046178398194056,0
S2,32,0.7265575278309391,1.273732384160171,-0.7296493660474017,0
S2,33,1.3471687941196697,0.20490962941340285,-0.3738726316784606,0
S2,34,-0.14907847391564075,-1.046483120893747,-0.3725018335750158,0
S2,35,-0.27953309785992375,0.048550854872086435,-0.018469478768444927,0
S2,36,0.33699688681532,0.515029003936486,-0.434080148976222,0
S2,37,0.07806145391447089,0.4114687784503933,-0.5190067758296283,0
S2,38,0.24162965623242913,1.519371583301565,0.41427492538564187,0
S2,39,1.0372467648025845,-0.1525747597867738,1.0597870524612745,0
S2,40,-0.3434167685264031,-0.798538470357873,1.1333752397487276,0
S2,41,0.1732304780342575,-0.4964877696227709,-1.4042521961696994,0
S2,42,-0.7849914513791253,0.5258086515121589,0.27430146910351794,0
S2,43,-0.1275493280969372,-0.6268163252364947,0.873377524015982,0
S2,44,-0.5386473636943344,-0.8168164481880148,-0.34341325931683225,0
S2,45,-0.6060339625996198,-0.6541072006405442,0.5368473901617946,0
S2,46,-0.17577176669032987,0.962668396581003,-0.28802568092012554,0
S2,47,-0.3572426031880531,0.1952688432041645,0.42750176689166686,0
S2,48,0.29726104692652117,-0.2584790516513827,-1.8523288191543281,0
S2,49,0.6430684234245847,0.678969393459565,0.5280067163278918,0
S2,50,-1.1938899596079868,0.5509250742396378,-0.6043231784723592,0
S2,51,0.8026868478078696,-0.7625217848496262,-0.9085105038408517,0
S2,52,-1.7810856442784175,0.6649800186360011,-0.38582045560180495,0
S2,53,0.19796196162262011,0.20081117916624092,1.1563476607759942,0
S2,54,0.5682351817664795,-1.621355156616215,1.1043503401674828,0
S2,55,-0.5205704201986245,-0.9290209685471411,0.2705399950112678,0
S2,56,-0.18327973458473,0.21514385370036618,1.0088514679812228,0
S2,57,-0.6254175913806144,0.39341245317656726,-0.5166879416875998,0
S2,58,0.715800762239033,-0.21752293972652315,-1.522299092341855,0
S2,59,-2.537734073360788,-0.7793896615588577,-2.267560393189994,0
S2,60,-0.7769647489223865,0.20615341558457972,-0.06706309184974676,0
S2,61,-1.5495941012024763,-1.4361501310984175,-0.20580908091587613,0
S2,62,0.15071728450741495,0.45055731870019256,0.01295582893982781,0
S2,63,1.039374844306454,-0.1083436847432618,0.05035257230809902,0
S2,64,0.9532618171126592,-0.010235834748598807,1.4308872037059763,0
S2,65,0.5345208220707796,-0.5032818517067104,-1.1353384526721875,0
S2,66,0.19858110735548676,0.6677399146039681,-0.9601430412539945,0
S2,67,-0.6128493598214291,-1.8294505241816161,2.2681001842568667,0
S2,68,0.974730334643199,-0.6729723430436998,0.8905810360601853,0
S2,69,0.4986513028937314,0.4707969010479703,-0.3942252398737349,0
S2,70,-0.6754446053365165,-0.5422983153667014,-2.4782499733169896,0
S2,71,-1.02365173976308,1.1700673771057457,-1.0538358553510419,0
S2,72,-0.5029407312960731,0.3510152241076797,-0.46601830296545893,0
S2,73,0.865450404650058,-0.5878567328319556,-0.13563770988754786,0
S2,74,1.0006882654616518,0.8935468391869201,0.19218435438967207,0
S2,75,1.2926364109225936,-0.05365289690968072,-0.3090333408000358,0
S2,76,-0.6203380093863254,0.48070960483496894,1.3390001267577585,0
S2,77,-0.287885199103923,-0.4651581053629723,-1.4612213174589441,0
S2,78,1.1061633012212362,-0.4513537474093472,-0.3787372406308717,0
S2,79,0.17604412395356753,0.5857654526148658,-0.8538726513815276,0
S2,80,0.6113769571990644,0.1053083896071831,0.8888824428628556,0
S2,81,-1.0567578366010373,-0.5709138859138337,0.17195709671605441,0
S2,82,-0.2955136059805583,-0.6670868978264674,0.9056766726067862,0
S2,83,-0.012631185926667924,0.5422825211176833,0.05175686230825197,0
S2,84,-0.2831329364831941,1.421250131894269,4.4611685486579375,0
S2,85,-0.3309845357160235,-0.6314734589151716,0.823768752927095,0
S2,86,-1.305872033073603,0.5692756606959134,-0.9441720619357772,0
S2,87,1.3048833360392962,-2.2646139894114254,-0.04761867703221889,0
S2,88,0.11918823862113764,-1.0620224313872721,-0.5223496074254793,0
S2,89,-1.1626446328919362,0.5688451336289175,0.8688780881477866,0
S2,90,0.8646028817852858,1.2907024013919286,1.1250461345556633,0
S2,91,0.05794719451755273,0.08540162582507968,0.42103813008288854,0
S2,92,0.5790576464213597,0.4676073592130804,-0.25247533621771434,0
S2,93,-0.14732971637442333,0.242012834567696,-0.8365101123108257,0
S2,94,-0.6183722764659269,0.8344871798299638,1.8914870705788212,0
S2,95,-0.5978800583282065,-0.8183605339192964,1.3088467454221135,0
S2,96,0.28482503261252495,0.5408624409950351,-3.545036073933478,0
S2,97,0.6305532948116942,-0.30434007762318527,0.05242299876801449,0
S2,98,0.40329878688190157,-0.22896013296598916,-1.0344790904270849,0
S2,99,0.5286453667335134,0.03535218022895516,-0.4770362288995271,0
S2,100,0.9759326865933469,-0.12302897238810945,2.006957867129687,walk
S2,101,0.24450267910498355,-0.5674295246593645,-1.383559379371428,walk
S2,102,0.8192907457240743,-0.16227497542325958,-1.2712507550199168,walk
S2,103,0.9035808950824166,-0.7077701007461363,2.9240366333677477,walk
S2,104,0.25329882898232653,1.2102254923218894,-0.5894754202039735,walk
S2,105,-0.04000360807559864,0.5930387651628437,-0.2998539136495535,walk
S2,106,-0.3255132245989868,-0.2863818650971232,1.3573690884139198,walk
S2,107,-0.9388259546349311,1.2971911421777034,-0.6244307658632677,walk
S2,108,-1.2209379265115683,1.056820718721669,0.03227032605780282,walk
S2,109,1.0764783526655537,0.42640048038278944,0.2857067889737915,walk
S2,110,0.01676914423946623,-0.38131288283395515,1.6827102203843844,walk
S2,111,-0.41054242502626814,0.2450854970842008,-1.945362096922989,walk
S2,112,1.2914409890039815,0.49359869097345355,-1.0057127158454973,walk
S2,113,0.8074814973916582,1.1398416300822443,-0.15818339726779948,walk
S2,114,0.07924175252874364,-0.10070643001109546,1.0895926707009083,walk
S2,115,0.8371710785597009,-0.40585911077587805,-0.7729030082375018,walk
S2,116,-0.11827345482901903,1.853743581742117,0.5536378201001911,walk
S2,117,0.322897533320294,1.138605782085489,-0.6170253822814399,walk
S2,118,1.493709042261158,0.28915205270236427,-0.4739869729567734,walk
S2,119,0.8852375831987994,-0.6852095139750569,1.528884378257956,walk
S2,120,-0.17946986981354948,0.42720958424395294,-0.28306330237116506,walk
S2,121,0.5956284297710875,0.925932178562664,3.5539213190717684,walk
S2,122,0.9873946943159277,0.6388670278237694,0.4311295670849277,walk
S2,123,-0.05058979094184984,0.6935894914374554,1.351019795172627,walk
S2,124,-0.2890392607358005,0.07635748843383876,0.8904481802946683,walk
S2,125,1.5475452721202159,0.941428024199116,-1.8671935157361328,walk
S2,126,-0.18743711404060626,-0.4351758593655329,-1.8482638888078236,walk
S2,127,-1.0037861965818284,-0.3061435497824236,0.5846108267016208,walk
S2,128,0.16970106845302885,-0.3539954987858631,-1.3269549132954086,walk
S2,129,1.890139832263357,-0.4690724820172502,-0.6572249254721099,walk
S2,130,0.5680323680443322,1.5828423875262445,-0.40382294547117636,walk
S2,131,0.8352138695028235,-1.2994283178425474,-1.1003385495008016,walk
S2,132,-1.6604142373362532,0.2271667574878442,1.4199213914223008,walk
S2,133,-0.3629411907157645,-0.7400145457254584,0.9348610709677846,walk
S2,134,1.0494732894980263,-0.9449998992183597,0.20973414200081167,walk
S2,135,-0.23417006408626273,0.11800746228080015,0.6734613120311281,walk
S2,136,1.145451761023263,-1.2018480289684241,-1.0881910908562158,walk
S2,137,0.47650104225921064,-0.03479351926528209,1.0493073823551526,walk
S2,138,0.41513309756040595,1.8527885272065046,-1.0207621507336717,walk
S2,139,1.4444804753305094,-0.0523117167527569,1.873157472442534,walk
S2,140,-0.3011531737459923,0.397716223576075,-0.8014534302761017,walk
S2,141,-0.27138628939229237,-0.6381282139598924,-0.6657729044718508,walk
S2,142,0.1899085193164199,0.41624562940862736,1.3976556904992758,walk
S2,143,0.2809835607873849,-1.1479487029578477,0.7791065883231391,walk
S2,144,-1.251515482783974,0.18373943050306396,-1.1458231435044801,walk
S2,145,1.0906046302591956,-0.06974447095901391,0.7245561312461849,walk
S2,146,0.29026447623540386,1.749252903588836,-0.0007461585468596501,walk
S2,147,-0.025019796389316885,-0.04237463775199951,0.022036413163340093,walk
S2,148,0.6050783352614257,-0.2634453596518644,0.7440895193114782,walk
S2,149,-0.2084595202606935,-0.4216873407086956,0.7413942199099722,walk
S2,150,1.0748693275627135,-0.9305885544658099,1.224686377853179,walk
S2,151,0.1611346500524561,0.6300329979232955,0.5814351129510753,walk
S2,152,0.6863619607089708,1.1693056710199543,0.39496326535291243,walk
S2,153,-0.599640790890227,-0.27780126126863264,-0.11831146206195903,walk
S2,154,-0.11324513359057041,0.5808316091624423,1.7993054445615573,walk
S2,155,0.4060377346332733,-0.2656138470078272,-0.9317785375075734,walk
S2,156,-0.6485752019347292,0.334837882640201,2.2981047504075094,walk
S2,157,-0.4209149318332839,0.37948072765378704,2.6235538061978207,walk
S2,158,0.06416654391693186,-1.124019025745552,2.607504409981378,walk
S2,159,0.9952664601802952,-0.6003504525511086,-0.16009206834165557,walk
S2,160,0.7134825075439775,0.757132235114835,2.5320754191748827,walk
S2,161,0.8273400078465726,-1.5034711220794017,1.3852200589037846,walk
S2,162,0.3462813166913632,0.017434627114347127,1.2944642828782607,walk
S2,163,0.8244696850991823,-0.262317623293927,3.9608610385495444,walk
S2,164,1.3349613511408343,-0.7280046886118285,0.2466583008317989,walk
S2,165,0.23651271512140146,0.050094010711514085,0.697378914372494,walk
S2,166,0.44977374252338875,0.255129513495678,-1.4986573451100447,walk
S2,167,0.5680608310528968,0.4389492211942552,-2.655794296549314,walk
S2,168,-1.500819170331403,-2.0858706374299674,0.3582568044256375,walk
S2,169,0.020133716041154572,1.3469645074854855,0.5278166866896005,walk
S2,170,0.43333202971350454,-0.371405532115777,0.8596245389071977,walk
S2,171,0.7014287440080149,0.8392606688377889,0.3779944455038203,walk
S2,172,-0.15922656234908208,-0.08867786921118144,-2.3776794762236473,walk
S2,173,0.8770081834068538,-0.45560254207919026,0.4628728659810738,walk
S2,174,-0.41591928916505916,-0.04375118920602755,1.3604593497385598,walk
S2,175,-0.04579593802504245,2.536837273876745,1.900208735304519,walk
S2,176,1.4405603270025356,1.2561469441032114,-1.126574533408362,walk
S2,177,-0.9870387351858009,-0.2701291371182526,-1.0590619908412129,walk
S2,178,0.028447645407170603,0.18765905887677078,-0.8231023548645725,walk
S2,179,-0.028258149719361383,0.9020779277485901,-0.7580015291377568,walk
S2,180,0.015848013239576953,0.4695681052494729,-1.9372273889489853,walk
S2,181,-0.3402901594869077,0.07291403825858707,-0.8145092613241199,walk
S2,182,0.6043535987547227,-0.1447453376641753,1.907935364587159,walk
S2,183,-0.772644283318211,-0.8545338083362689,-1.2671254666163663,walk
S2,184,-0.9749870231368334,0.6047939132164535,-2.2414565832911038,walk
S2,185,0.46375389797173744,0.8852492671730942,-0.32950381338712786,walk
S2,186,-0.8753364770250324,1.78700761051185,-0.6061576483907398,walk
S2,187,0.37583588504013826,-0.43212490837837614,0.8169562911255734,walk
S2,188,0.09180313214208385,0.524026574336911,-0.8922311558782806,walk
S2,189,-0.4751402759200021,-0.021988043579946284,-0.21817092778857272,walk
S2,190,-0.20411422040294172,1.0079732394228207,-1.010105078121112,walk
S2,191,-0.009108493640178293,-0.07528079647990717,-1.1708526865714237,walk
S2,192,0.4272257403946039,-0.5143641659481699,0.4420929843812597,walk
S2,193,-0.43885863794243163,-1.3476162189976661,0.14427600752886144,walk
S2,194,-0.10321574134255769,0.5747997868922983,-0.06786782978648999,walk
S2,195,-1.082274404787196,0.13162860983188884,0.6187760972545991,walk
S2,196,-0.15848382327840915,0.9017547139149686,-0.9962304207650066,walk
S2,197,-1.4746544196437619,-0.43706399133892665,0.019429534704676742,walk
S2,198,0.020109046886211575,2.0769752946458886,0.24154292744466674,walk
S2,199,-0.30935954647946007,-0.5630535827707851,1.4162655378596007,walk
S2,200,1.725753858363245,0.41350928194802594,-2.279228211467156,walk
S2,201,1.077782246314306,0.3350167426406889,-0.4284658212597721,walk
S2,202,-0.071147683014731,0.8858981460582449,0.5336991703125509,walk
S2,203,0.8050088226551788,-0.12909751418397108,-0.7003946907484818,walk
S2,204,0.2719760910844943,-0.7303540299946558,0.10333630981897314,walk
S2,205,-0.8740299149131175,-0.7874417166173701,0.8182509713469553,walk
S2,206,-1.8965411978293496,0.6537138627633348,0.5698694424978885,walk
S2,207,0.92598398166697,0.08596789133426974,-2.0803438646230115,walk
S2,208,0.34938714212926436,0.2769511522382325,-1.4570451937432782,walk
S2,209,-1.5266784082207572,-0.6501720365932866,-3.4006270748899707,walk
S2,210,0.5441921469712498,0.11295796295186789,0.7779333715012703,walk
S2,211,0.7639779322215164,0.1752712321029331,0.24653292296888402,walk
S2,212,-0.5138616353663922,0.49333241318705334,1.6115779701761943,walk
S2,213,0.6629690596898583,-1.1692911994368098,0.055096829209317376,walk
S2,214,-1.3448167687238124,-0.6137579196433753,-1.3828918057829211,walk
S2,215,-0.14559129891987072,1.383362487140002,1.28239300371077,walk
S2,216,0.05678173381385182,-0.31436105731837083,-1.595056155201014,walk
S2,217,0.6532518423355681,-0.06714076724468933,-0.01113175059970546,walk
S2,218,0.3457334539389738,-0.3187074966296728,-0.25699295652258664,walk
S2,219,0.20432580366332773,-1.1973765250368211,0.9268302327931468,walk
S2,220,0.47025531483065885,-0.8605761208379367,1.0877192831304705,walk
S2,221,-0.4975980023453488,0.29656280495985804,-0.5175343644267337,walk
S2,222,1.2070638144042343,-0.5376666097885183,-0.8894514166841523,walk
S2,223,-0.24795062816864238,1.6217080103242887,-0.06741052412842759,walk
S2,224,0.658694696832213,-1.1985462213608629,-0.7033296169705338,walk
S2,225,0.020280024497598536,-1.5538823518283122,1.1370830176525164,walk
S2,226,-0.1739525864923459,-0.313573917617859,0.44774717934911173,walk
S2,227,0.49080825634345565,-0.9676402468178978,1.6720706639496623,walk
S2,228,0.37909193799771257,1.1045304018946254,3.135980666141701,walk
S2,229,1.0961145516364852,-0.340978636740456,-1.0491901448729177,walk
S2,230,0.8807314790114229,0.4130839775770769,-0.7312930555424366,walk
S2,231,-0.43219627679841244,-1.134840508732967,0.570113656070265,walk
S2,232,0.42240685751341855,0.5285606689448298,0.47788931241794547,walk
S2,233,0.10338761526779067,0.5068664340934784,-0.4230603902896278,walk
S2,234,-0.6146525626339563,0.9867004178487845,-2.073735733583018,walk
S2,235,-0.8585218165496781,0.170473451776316,3.058088635425523,walk
S2,236,0.22500605793412123,0.40763065579623003,0.09535539386332698,walk
S2,237,-0.40671650498078726,0.127582538483942,-1.4150142416366973,walk
S2,238,-1.0881640370894714,0.7332955012179222,-2.9004363239075563,walk
S2,239,-0.05511651138377958,-0.3366095735535554,1.6835671333225324,walk
S2,240,0.19712530250135973,0.42896685065997836,0.39151705518266605,walk
S2,241,0.09957026867663338,-0.4622992651686749,-0.0018244209937061287,walk
S2,242,-0.9437847994166537,0.5580464826252881,-1.2595027273266302,walk
S2,243,-0.4443251952068389,-0.2290286617685714,-0.131698280072996,walk
S2,244,1.1135905713663594,-0.5273274691728841,-0.4767282970748661,walk
S2,245,-0.5971230060374426,-0.5505400430440816,-3.021595992633573,walk
S2,246,-0.24325680165071217,1.1690078109052888,3.222674735317988,walk
S2,247,1.86102197449897,-1.2543586125979074,0.5233265946378316,walk
S2,248,0.2957075236255863,-1.194239609430212,-0.4217224272033376,walk
S2,249,-0.3850254107938243,0.5015232006355478,-1.1754373124046444,walk
S2,250,-1.5392541916518716,-0.8049684331417597,-0.7390693897593218,run
S2,251,0.26192750305329016,-0.381160486036344,2.9199982543928042,run
S2,252,-1.0967405948961955,-0.4030532927966725,0.46839112296359353,run
S2,253,-0.006738669561176389,1.815456400526556,-1.6217280814077941,run
S2,254,-0.6804525306174039,-0.5466423600582483,1.0670420934950566,run
S2,255,-1.3265926588432437,-0.5858788876513632,0.5923969824004595,run
S2,256,1.3330303406471093,-0.3194584600164291,0.6271719066286158,run
S2,257,-0.07469277265100938,0.17753569859792195,-0.16922011546345453,run
S2,258,0.744702305159044,0.3930905268040181,-0.2149010436348223,run
S2,259,0.5999009197095703,-1.1840169985960614,0.2489269675871258,run
S2,260,-0.5760912782105342,0.35082369655468326,-0.2646982244686004,run
S2,261,0.0786675451376809,1.556956689962535,-1.7176771323914273,run
S2,262,-0.2785306854511304,-1.435211599629814,-1.222678436835238,run
S2,263,0.7777689443427049,0.45573382390204886,-0.0010919744750947076,run
S2,264,0.350369457260378,0.6107134619098452,-1.9478526681226367,run
S2,265,-0.2780046663687555,0.11905076909053225,-0.17513688973918978,run
S2,266,1.3318873349303089,-0.1612391235651,-0.39728004369078573,run
S2,267,0.4197313723948748,-1.8886789940435578,0.8747842175203233,run
S2,268,0.37389809306630417,0.9554437016491866,0.18303654617969325,run
S2,269,-0.622037209839568,-0.2640001921270765,-0.373449728426003,run
S2,270,0.32980141526737516,-0.16943086708750743,-0.3711532959921686,run
S2,271,-1.1679589082550919,0.9774893437688326,0.509719454077085,run
S2,272,0.37314345892464684,-1.8768362870315656,1.1228482916360587,run
S2,273,-0.7448622005206202,-0.059049956026992395,-1.3119997240546104,run
S2,274,0.14981748904374803,0.47235534134171603,-1.8686072727233662,run
S2,275,-0.21899572061175698,0.571556656099541,-0.9158747117173901,run
S2,276,0.18544868941437573,0.4829610826334742,-2.8097742092070086,run
S2,277,0.28840129570098627,1.6274386006776596,-0.9644884268560305,run
S2,278,-0.04419607264139395,0.2230064421355205,0.9949822578334131,run
S2,279,-0.04340974941150355,0.8111635874364582,1.1743372794113263,run
S2,280,-1.189441506381896,0.6145400571115376,1.8471277025213675,run
S2,281,-1.518333532594391,-1.1877179849634463,0.06739598457756839,run
S2,282,1.0092712509635786,-0.6169878746188486,0.1756756972538673,run
S2,283,0.45918695489111877,1.6644504148823984,-0.7291343970642877,run
S2,284,-1.1833195280622926,-0.21919223835786653,-0.6459851223466908,run
S2,285,1.5273631036357753,-0.054551629806839,0.33545289560985775,run
S2,286,-0.5715165965853712,-1.0547786749870578,1.0898122537927628,run
S2,287,0.408770051637489,-0.27541318118762326,0.5057009805260095,run
S2,288,0.34018472799038496,-1.0514617721702029,-2.470192497673586,run
S2,289,0.08684481379544734,-0.48798036323051186,0.5851036530676013,run
S2,290,0.486775928487225,0.4421589140612451,-0.011337806777120684,run
S2,291,-1.099136482789336,-0.6655869854173028,-0.7325142186970217,run
S2,292,-0.028912498807994926,-0.4924570595681867,0.15449636732259356,run
S2,293,-0.2032437618533999,1.0697326528942488,1.0710818564712343,run
S2,294,0.07005057790572548,0.3756831783208081,0.15330187334695763,run
S2,295,-0.2193416256333495,0.4122396504170811,-0.895456888586563,run
S2,296,-0.5136506123385404,0.7950155882975212,4.040610811102411,run
S2,297,-0.5849321306930996,-0.4415249519923732,-0.7848170692149453,run
S2,298,0.7077404750956737,-0.3129485916834397,0.5420606378204355,run
S2,299,-0.6784012818799052,-1.647465764805865,1.5053447084471638,run
S2,300,0.2899682434058341,0.5861664297196287,-1.0643702145205967,run
S2,301,0.2799052577145894,-0.16632492457667059,0.6446613497035065,run
S2,302,-0.07831959148485651,-0.004055014463148608,-1.0495255307523537,run
S2,303,0.33869620463524663,-0.8726212980826822,-0.34357103101163283,run
S2,304,0.4336700561533367,0.4952782643136616,-0.9411320547094695,run
S2,305,-0.4257242823890794,0.5006354978703763,2.109489464200276,run
S2,306,0.26893229237102356,0.1446697712252527,-1.6889606356912865,run
S2,307,1.5244425539112703,-1.271818542278756,0.602039368018165,run
S2,308,-0.8567274053140554,-0.6745260139633297,0.020721705152082597,run
S2,309,-0.241927148483701,-0.02809559819880066,-2.4231847972057583,run
S2,310,-0.6135437029892752,-0.6701795491221807,2.0759574473340345,run
S2,311,1.588009056467848,0.3083748397454378,-0.7122766299090965,run
S2,312,-1.12222998221322,0.8043604084260401,-0.3403045113426896,run
S2,313,0.005666913502688889,-0.6047146670093088,0.23893304275098015,run
S2,314,0.7433114407437842,-0.14537801020598312,-1.121782448624799,run
S2,315,-0.6945596160147464,-0.548512383786378,-0.9625469531846191,run
S2,316,-0.10880982126731056,0.8246994551310941,-0.06908181165648844,run
S2,317,-0.5695750878391832,0.7172423382677519,-1.089105950345599,run
S2,318,-1.0723435718906713,2.1292840173664516,0.09444558243566625,run
S2,319,-0.05683317944079136,0.005693794938818441,1.5090701476444668,run
S2,320,0.39455605615208694,-0.747213437271857,-1.252575390394277,run
S2,321,-0.31873306710061966,0.3276978317604432,-1.94159351019148,run
S2,322,0.1304948301114526,-0.18591348813498287,-0.18519166847468607,run
S2,323,0.5458381456087485,0.15298503192540872,0.46058021061157534,run
S2,324,0.953910034635242,0.9952321037090593,0.7855356885091093,run
S2,325,-0.9876486929741098,-0.22765733942393052,-1.3518204846422046,run
S2,326,0.4890033432303357,0.5786344526127633,-2.8755068250802815,run
S2,327,-0.4970024641509991,-1.692797810864403,1.0374907207680775,run
S2,328,-1.507271617405256,0.8473639675125453,0.8358975570443447,run
S2,329,-0.6223853040708701,0.10860753860629153,1.802848926738514,run
S2,330,0.511936508063142,-0.19001099137480162,-1.1929072137282144,run
S2,331,0.24500742236955042,-0.39836253370162117,0.6548111524972499,run
S2,332,-0.877266690915147,1.1354692933487291,1.1917504611465843,run
S2,333,1.2833619186299685,-0.40257232728158804,-2.2480507663298743,run
S2,334,0.32156218883224974,1.0174556595829711,1.250093395786611,run
S2,335,-0.0553156085651549,-0.4021183713904088,1.7019325373085226,run
S2,336,-0.43356741842334573,0.040915837263090796,0.6749008304808944,run
S2,337,0.33319062040085096,0.28881647014256584,0.6249179046475399,run
S2,338,-0.3102059086935945,1.6248740179956558,0.8694990024922024,run
S2,339,0.905896670399335,0.2052617762979644,-0.34098754846814666,run
S2,340,0.25008619860458275,0.19576118635736256,-1.763437309710494,run
S2,341,0.4909091563401483,-0.04652619469298794,-1.1432339144819172,run
S2,342,-0.24463325049103957,-0.2335694459487897,-0.24184633106782888,run
S2,343,-1.179987416557841,-0.4770440192134521,-1.0514950742997962,run
S2,344,0.42079092959319175,1.455219211124781,1.2103514606873906,run
S2,345,-0.8057463798334741,1.1848219030184308,-0.5203930111765273,run
S2,346,-0.08495688041986527,-0.540627057627103,-0.16349638794324614,run
S2,347,-0.01133520618379515,0.13840826514116764,-2.1632349143273415,run
S2,348,-0.6232599577647735,-0.9313267350975253,0.4503716598333479,run
S2,349,0.709302564731729,0.7634631375161436,-0.8772682149889184,run
S2,350,-1.139588316743047,0.5605105440669027,1.7925998881908978,0
S2,351,1.1892475942683463,0.10127909245361369,-2.104633617599616,0
S2,352,-0.4711933292650242,-0.6342847962871213,0.3631562388992668,0
S2,353,0.7682442498989555,0.6243945375742848,-0.5166828181596029,0
S2,354,1.0307372701851236,0.505503400011785,-0.46489840512108715,0
S2,355,-0.6874849437152926,-0.13137020756955314,2.023732868316109,0
S2,356,-0.5865660638281964,0.6019924365200744,1.1275869043587436,0
S2,357,0.7490298698124291,-1.063087854844735,-1.0538793328885214,0
S2,358,0.14868973236808397,-0.46683648016622237,1.6528772875536328,0
S2,359,0.06562753612586956,-0.7490208983170614,-0.813261302964602,0
S2,360,-1.4575449052639318,0.1029992645620135,0.9313055822309978,0
S2,361,-1.3084329266558323,1.3460204921096242,-2.119208961010444,0
S2,362,0.42782117917200824,0.0503653816277445,-0.4162066369945302,0
S2,363,1.1425876738431608,0.9210741663074972,-0.3768389192778599,0
S2,364,-0.5646140828819931,-0.014030358815490591,-0.42395996649829953,0
S2,365,-0.6887831427857898,-0.31411322448827517,-1.9420760516325148,0
S2,366,0.16656352360855442,0.8209894533284479,-2.310306492940765,0
S2,367,0.36950593376759583,0.44426162870912633,-0.04765903761042725,0
S2,368,0.44770956130124145,1.1450327701279044,0.7033322763274138,0
S2,369,-0.35038415821819535,0.7887448619163278,0.014004018336209414,0
S2,370,-1.5479403978305066,-0.6409410073518349,-0.4370867535166483,0
S2,371,1.1602243591915362,-2.0294244502121614,-1.8396590493080893,0
S2,372,-0.39504483829399756,0.11814562540864038,-0.35056684676739924,0
S2,373,0.9995731027493712,-0.933237948149586,-0.6963795006821776,0
S2,374,-1.5830687460942157,-1.1198450515870721,-0.8914183794026376,0
S2,375,0.29526239292385187,-1.1774303778394837,0.18766124857158056,0
S2,376,-0.39752286175367774,-0.505993465693552,0.1822194271787346,0
S2,377,-0.8629186057523528,-0.1532404361008431,0.45720108149053484,0
S2,378,0.7718386247790461,0.01069777487394287,-0.3338303657094049,0
S2,379,1.026653871064832,1.641889574663014,-1.0273824482556835,0
S2,380,-0.465904009379221,-0.9638628392003096,-0.26309605694490396,0
S2,381,0.5142293935398089,-0.002643139553149572,-0.3996451363372942,0
S2,382,-0.8540204708980506,-0.9897153462480262,-1.9996973099223652,0
S2,383,-0.49136230346935383,-0.7908598460021927,-0.44589688993477555,0
S2,384,-0.1948929326074674,0.05848016582324433,-2.0238930385647187,0
S2,385,-0.2760074863642161,0.33976866478045387,-2.399075825722307,0
S2,386,0.5074202685656467,-1.0236170765001267,-1.0177896345977486,0
S2,387,-0.9586619549043421,0.9197498275678315,-0.8016910424401005,0
S2,388,0.7692625078838354,-0.7397007713494668,0.8073479948297263,0
S2,389,0.7678708450119273,0.7708868220546219,-0.4011153266976459,0
S2,390,-0.1729014249221492,-0.03765551295749003,0.6065849777916402,0
S2,391,-0.9404892082318055,0.7288050692011601,1.7038794790890877,0
S2,392,-1.8883592439370553,0.4571272444645672,0.11465309454140415,0
S2,393,-0.05005184964182324,-0.22554002115814847,0.42652972925884314,0
S2,394,-0.5686492161141498,0.38600672814042136,-0.8601016332744804,0
S2,395,0.08133092881946997,-1.0706970895250822,0.9563863760713136,0
S2,396,-0.8378361551896504,-1.0369169771533329,0.040165236407121094,0
S2,397,0.0021163449483808045,-0.28179581540983945,0.04841095149658307,0
S2,398,-0.048847129572523115,1.1009644231276494,-1.38442016057856,0
S2,399,0.00892748380132633,-0.5947480677046133,-1.1541351210789945,0
